{"mockup":{"controls":{"control":[{"ID":"0","h":"199","measuredH":"70","measuredW":"100","properties":{"color":"7880452"},"typeID":"Canvas","w":"459","x":"473","y":"378","zOrder":"0"},{"ID":"1","measuredH":"32","measuredW":"218","properties":{"borderColor":"7880452","color":"7880452","size":"18","text":"Probability and Statistics"},"typeID":"TextInput","w":"228","x":"569","y":"403","zOrder":"1"},{"ID":"2","measuredH":"32","measuredW":"135","properties":{"borderColor":"7880452","color":"7880452","size":"18","text":"Linear Algebra"},"typeID":"TextInput","w":"298","x":"573","y":"442","zOrder":"2"},{"ID":"3","measuredH":"32","measuredW":"204","properties":{"borderColor":"7880452","color":"7880452","size":"18","text":"Numerical Computation"},"typeID":"TextInput","w":"261","x":"569","y":"486","zOrder":"3"},{"ID":"4","measuredH":"32","measuredW":"91","properties":{"borderColor":"7880452","color":"7880452","size":"18","text":"Algorithm"},"typeID":"TextInput","w":"228","x":"569","y":"529","zOrder":"4"},{"ID":"5","h":"49","measuredH":"27","measuredW":"172","properties":{"color":"6989903","size":"18","text":"Maching Learning"},"typeID":"Button","w":"323","x":"539","y":"286","zOrder":"5"},{"ID":"6","h":"49","measuredH":"27","measuredW":"184","properties":{"color":"15843890","size":"18","text":"Text Mining Method"},"typeID":"Button","w":"308","x":"548","y":"240","zOrder":"6"},{"ID":"7","h":"49","measuredH":"27","measuredW":"258","properties":{"color":"14706278","size":"18","text":"Linguistic Acknowledgement"},"typeID":"Button","w":"341","x":"530","y":"333","zOrder":"7"},{"ID":"8","h":"49","measuredH":"27","measuredW":"267","properties":{"color":"5865130","size":"18","text":"Natural Language Processing"},"typeID":"Button","w":"284","x":"562","y":"193","zOrder":"8"},{"ID":"9","h":"102","measuredH":"101","measuredW":"150","properties":{"curvature":"0","direction":"bottom","leftArrow":"false","p0":{"x":150,"y":0,"length":150},"p1":{"x":0.5,"y":0,"length":0.5},"p2":{"x":0,"y":101,"length":101},"rightArrow":"false","shape":"bezier"},"typeID":"Arrow","w":"151","x":"565","y":"92","zOrder":"9"},{"ID":"10","h":"101","measuredH":"100","measuredW":"124","properties":{"curvature":"0","direction":"top","leftArrow":"false","p0":{"x":0,"y":0,"length":0},"p1":{"x":0.5,"y":0,"length":0.5},"p2":{"x":124,"y":100,"length":159.29846201391902},"rightArrow":"false","shape":"bezier"},"typeID":"Arrow","w":"125","x":"715","y":"92","zOrder":"10"}]},"measuredH":"577","measuredW":"932","mockupH":"485","mockupW":"459","version":"1.0"}}
