{"mockup":{"controls":{"control":[{"ID":"0","h":"51","measuredH":"28","measuredW":"186","properties":{"color":"13421772","size":"20","text":"Machine Learning"},"typeID":"Button","w":"256","x":"909","y":"885","zOrder":"0"},{"ID":"3","h":"34","measuredH":"27","measuredW":"174","properties":{"color":"16767334","size":"18","text":"Linear Regression"},"typeID":"Button","w":"191","x":"749","y":"980","zOrder":"1"},{"ID":"4","h":"38","measuredH":"27","measuredW":"116","properties":{"size":"18","text":"LASSO(L1)"},"typeID":"Button","w":"106","x":"556","y":"1135","zOrder":"2"},{"ID":"5","h":"29","measuredH":"27","measuredW":"123","properties":{"size":"18","text":"Regularized"},"typeID":"Button","w":"144","x":"593","y":"1046","zOrder":"3"},{"ID":"7","h":"33","measuredH":"27","measuredW":"107","properties":{"size":"18","text":"Ridge(L2)"},"typeID":"Button","w":"106","x":"556","y":"1094","zOrder":"4"},{"ID":"10","h":"34","measuredH":"27","measuredW":"184","properties":{"color":"16767334","size":"18","text":"Logistic Regression"},"typeID":"Button","w":"191","x":"1019","y":"980","zOrder":"5"},{"ID":"11","h":"59","measuredH":"48","measuredW":"186","properties":{"size":"18","text":"From Gerneative to\\nDiscriminative Proof"},"typeID":"Button","w":"218","x":"1061","y":"1040","zOrder":"6"},{"ID":"12","h":"52","measuredH":"51","measuredW":"24","properties":{"curvature":"-1","direction":"bottom","leftArrow":"false","p0":{"x":23,"y":0},"p1":{"x":0.3464302308848594,"y":0.12526721580634576},"p2":{"x":0,"y":51},"rightArrow":"false","shape":"bezier","stroke":"solid","text":""},"typeID":"Arrow","w":"25","x":"939","y":"932","zOrder":"7"},{"ID":"13","h":"49","measuredH":"48","measuredW":"6","properties":{"curvature":"-1","direction":"top","leftArrow":"false","p0":{"x":3,"y":0,"length":3},"p1":{"x":0.39169909208819714,"y":-0.06614785992217899,"length":0.3972451612228929},"p2":{"x":6,"y":48,"length":48.373546489791295},"rightArrow":"false","shape":"bezier","stroke":"solid","text":""},"typeID":"Arrow","w":"7","x":"1016","y":"934","zOrder":"8"},{"ID":"14","h":"66","measuredH":"48","measuredW":"265","properties":{"size":"18","text":"Maximize Likelihood is\\nMinimize Cross Entropy Proof"},"typeID":"Button","w":"277","x":"1061","y":"1115","zOrder":"9"},{"ID":"15","h":"34","measuredH":"27","measuredW":"177","properties":{"size":"18","text":"Activation Function"},"typeID":"Button","w":"179","x":"1294","y":"1052","zOrder":"10"},{"ID":"16","h":"40","measuredH":"39","measuredW":"22","properties":{"curvature":"-1","direction":"bottom","leftArrow":"false","p0":{"x":22,"y":0},"p1":{"x":0.34643023088485947,"y":0.12526721580634576},"p2":{"x":0,"y":39},"rightArrow":"false","shape":"bezier","stroke":"solid","text":""},"typeID":"Arrow","w":"23","x":"736","y":"1014","zOrder":"11"},{"ID":"17","h":"29","measuredH":"27","measuredW":"62","properties":{"size":"18","text":"MSE"},"typeID":"Button","w":"76","x":"759","y":"1040","zOrder":"12"},{"ID":"18","h":"90","measuredH":"140","measuredW":"180","properties":{"direction":"left","text":" "},"typeID":"VCurly","w":"30","x":"668","y":"1102","zOrder":"13"},{"ID":"19","h":"73","measuredH":"72","measuredW":"24","properties":{"curvature":"-1","direction":"bottom","leftArrow":"false","p0":{"x":20,"y":0,"length":20},"p1":{"x":0.34643023088485947,"y":0.12526721580634576,"length":0.3683826546226228},"p2":{"x":0,"y":72,"length":72},"rightArrow":"false","shape":"bezier","stroke":"solid","text":""},"typeID":"Arrow","w":"25","x":"682","y":"1073","zOrder":"14"},{"ID":"21","h":"4","measuredH":"3","measuredW":"16","properties":{"curvature":"1","direction":"bottom","leftArrow":"false","p0":{"x":16,"y":1},"p1":{"x":0.4708222811671088,"y":-0.04244031830238716},"p2":{"x":0,"y":3},"rightArrow":"false","shape":"bezier","stroke":"solid","text":""},"typeID":"Arrow","w":"17","x":"1279","y":"1066","zOrder":"15"},{"ID":"22","h":"124","measuredH":"140","measuredW":"180","properties":{"direction":"right","text":" "},"typeID":"VCurly","w":"30","x":"1024","y":"1049","zOrder":"16"},{"ID":"23","h":"96","measuredH":"95","measuredW":"12","properties":{"curvature":"-1","direction":"top","leftArrow":"false","p0":{"x":8,"y":0,"length":8},"p1":{"x":0.4490967944032577,"y":-0.09930040722564477,"length":0.4599440200920769},"p2":{"x":12,"y":95,"length":95.75489543621255},"rightArrow":"false","shape":"bezier","stroke":"solid","text":""},"typeID":"Arrow","w":"13","x":"1027","y":"1014","zOrder":"17"},{"ID":"24","h":"35","measuredH":"34","measuredW":"37","properties":{"curvature":"-1","direction":"bottom","leftArrow":"false","p0":{"x":37,"y":0,"length":37},"p1":{"x":0.34643023088485947,"y":0.12526721580634578,"length":0.3683826546226229},"p2":{"x":0,"y":34,"length":34},"rightArrow":"false","shape":"bezier","stroke":"solid","text":""},"typeID":"Arrow","w":"38","x":"835","y":"1016","zOrder":"18"},{"ID":"25","h":"36","measuredH":"27","measuredW":"179","properties":{"size":"18","text":"Elastic Net(L1+L2)"},"typeID":"Button","w":"178","x":"486","y":"1181","zOrder":"19"},{"ID":"26","h":"36","measuredH":"27","measuredW":"168","properties":{"color":"16770457","size":"18","text":"Gradient Descent"},"typeID":"Button","w":"180","x":"1080","y":"1216","zOrder":"20"},{"ID":"27","h":"33","measuredH":"27","measuredW":"180","properties":{"size":"18","text":"Taylor Series Proof"},"typeID":"Button","w":"182","x":"1302","y":"1191","zOrder":"21"},{"ID":"28","h":"23","measuredH":"22","measuredW":"46","properties":{"curvature":"1","direction":"bottom","leftArrow":"false","p0":{"x":46,"y":1,"length":46.010868281309364},"p1":{"x":0.31091122409073124,"y":-0.03324208056315993,"length":0.3126832665586128},"p2":{"x":0,"y":22,"length":22},"rightArrow":"false","shape":"bezier","stroke":"solid","text":""},"typeID":"Arrow","w":"47","x":"1258","y":"1212","zOrder":"22"},{"ID":"29","h":"36","measuredH":"35","measuredW":"31","properties":{"curvature":"-1","direction":"bottom","leftArrow":"false","p0":{"x":31,"y":0,"length":31},"p1":{"x":0.34643023088485947,"y":0.12526721580634584,"length":0.3683826546226229},"p2":{"x":0,"y":35,"length":35},"rightArrow":"false","shape":"bezier","stroke":"solid","text":""},"typeID":"Arrow","w":"32","x":"1190","y":"1182","zOrder":"23"},{"ID":"30","h":"33","measuredH":"27","measuredW":"104","properties":{"size":"18","text":"SGD(b=1)"},"typeID":"Button","w":"121","x":"1014","y":"1279","zOrder":"24"},{"ID":"32","h":"33","measuredH":"27","measuredW":"159","properties":{"size":"18","text":"Convex Function"},"typeID":"Button","w":"162","x":"1302","y":"1235","zOrder":"25"},{"ID":"33","measuredH":"23","measuredW":"126","properties":{"href":{"URL":"https://github.com/graykode"},"size":"15","text":"Github: @graykode"},"typeID":"Link","x":"1038","y":"941","zOrder":"26"},{"ID":"34","h":"50","measuredH":"48","measuredW":"103","properties":{"size":"18","text":"Jensen’s\\ninequality"},"typeID":"Button","w":"120","x":"1341","y":"1300","zOrder":"27"},{"ID":"36","h":"6","measuredH":"5","measuredW":"43","properties":{"curvature":"-1","direction":"top","leftArrow":"false","p0":{"x":43,"y":5,"length":43.289721643826724},"p1":{"x":0.31091122409073135,"y":-0.03324208056315995,"length":0.3126832665586129},"p2":{"x":0,"y":0,"length":0},"rightArrow":"false","shape":"bezier","stroke":"solid","text":""},"typeID":"Arrow","w":"44","x":"1260","y":"1243","zOrder":"28"},{"ID":"37","h":"33","measuredH":"32","measuredW":"11","properties":{"curvature":"-1","direction":"top","leftArrow":"false","p0":{"x":11,"y":32,"length":33.83784863137726},"p1":{"x":0.31091122409073124,"y":-0.033242080563159956,"length":0.3126832665586128},"p2":{"x":0,"y":0,"length":0},"rightArrow":"false","shape":"bezier","stroke":"solid","text":""},"typeID":"Arrow","w":"12","x":"1354","y":"1269","zOrder":"29"},{"ID":"38","h":"41","measuredH":"40","measuredW":"36","properties":{"curvature":"-1","direction":"bottom","leftArrow":"false","p0":{"x":36,"y":0},"p1":{"x":0.3464302308848594,"y":0.12526721580634576},"p2":{"x":0,"y":40},"rightArrow":"false","shape":"bezier","stroke":"solid","text":""},"typeID":"Arrow","w":"37","x":"1137","y":"1249","zOrder":"30"},{"ID":"39","h":"33","measuredH":"27","measuredW":"114","properties":{"size":"18","text":"Momentum"},"typeID":"Button","w":"121","x":"778","y":"1140","zOrder":"31"},{"ID":"40","h":"33","measuredH":"27","measuredW":"60","properties":{"size":"18","text":"NAG"},"typeID":"Button","w":"63","x":"836","y":"1183","zOrder":"32"},{"ID":"41","h":"33","measuredH":"27","measuredW":"91","properties":{"size":"18","text":"Adagrad"},"typeID":"Button","w":"87","x":"812","y":"1228","zOrder":"33"},{"ID":"42","h":"33","measuredH":"27","measuredW":"127","properties":{"size":"18","text":"Optimization"},"typeID":"Button","w":"120","x":"925","y":"1218","zOrder":"34"},{"ID":"43","h":"33","measuredH":"27","measuredW":"100","properties":{"size":"18","text":"RMSProp"},"typeID":"Button","w":"97","x":"802","y":"1273","zOrder":"35"},{"ID":"44","h":"33","measuredH":"27","measuredW":"100","properties":{"size":"18","text":"AdaDelta"},"typeID":"Button","w":"97","x":"802","y":"1318","zOrder":"36"},{"ID":"45","h":"33","measuredH":"27","measuredW":"71","properties":{"size":"18","text":"Adam"},"typeID":"Button","w":"72","x":"827","y":"1363","zOrder":"37"},{"ID":"46","h":"33","measuredH":"27","measuredW":"82","properties":{"size":"18","text":"Nadam"},"typeID":"Button","w":"72","x":"827","y":"1406","zOrder":"38"},{"ID":"47","h":"280","measuredH":"140","measuredW":"180","properties":{"direction":"left","text":" "},"typeID":"VCurly","w":"30","x":"901","y":"1155","zOrder":"39"},{"ID":"48","h":"46","measuredH":"45","measuredW":"21","properties":{"curvature":"-1","direction":"bottom","leftArrow":"false","p0":{"x":20,"y":0,"length":20},"p1":{"x":0.3464302308848595,"y":0.12526721580634576,"length":0.36838265462262293},"p2":{"x":0,"y":45,"length":45},"rightArrow":"false","shape":"bezier","stroke":"solid","text":""},"typeID":"Arrow","w":"22","x":"915","y":"1251","zOrder":"40"},{"ID":"49","h":"46","measuredH":"45","measuredW":"24","properties":{"curvature":"1","direction":"top","leftArrow":"false","p0":{"x":24,"y":45,"length":51},"p1":{"x":0.34643023088485947,"y":0.12526721580634576,"length":0.3683826546226228},"p2":{"x":0,"y":0,"length":0},"rightArrow":"false","shape":"bezier","stroke":"solid","text":""},"typeID":"Arrow","w":"25","x":"989","y":"1252","zOrder":"41"},{"ID":"50","h":"34","measuredH":"27","measuredW":"90","properties":{"size":"18","text":"Sigmoid"},"typeID":"Button","w":"93","x":"1511","y":"1024","zOrder":"42"},{"ID":"51","h":"34","measuredH":"27","measuredW":"60","properties":{"size":"18","text":"tanh"},"typeID":"Button","w":"71","x":"1511","y":"1065","zOrder":"43"},{"ID":"52","h":"34","measuredH":"27","measuredW":"70","properties":{"size":"18","text":"ReLU"},"typeID":"Button","w":"71","x":"1511","y":"1106","zOrder":"44"},{"ID":"53","h":"34","measuredH":"27","measuredW":"129","properties":{"size":"18","text":"Leakly ReLU"},"typeID":"Button","w":"126","x":"1511","y":"1147","zOrder":"45"},{"ID":"54","h":"34","measuredH":"27","measuredW":"82","properties":{"size":"18","text":"PReLU"},"typeID":"Button","w":"72","x":"1511","y":"1187","zOrder":"46"},{"ID":"55","h":"34","measuredH":"27","measuredW":"59","properties":{"size":"18","text":"ELU"},"typeID":"Button","w":"72","x":"1511","y":"1227","zOrder":"47"},{"ID":"56","h":"34","measuredH":"27","measuredW":"84","properties":{"size":"18","text":"Maxout"},"typeID":"Button","w":"88","x":"1511","y":"1267","zOrder":"48"},{"ID":"57","h":"262","measuredH":"140","measuredW":"180","properties":{"direction":"right","text":" "},"typeID":"VCurly","w":"30","x":"1476","y":"1038","zOrder":"49"},{"ID":"58","h":"3","measuredH":"2","measuredW":"20","properties":{"curvature":"-1","direction":"top","leftArrow":"false","p0":{"x":20,"y":2},"p1":{"x":0.31091122409073124,"y":-0.033242080563159956},"p2":{"x":0,"y":0},"rightArrow":"false","shape":"bezier","stroke":"solid","text":""},"typeID":"Arrow","w":"21","x":"1473","y":"1069","zOrder":"50"},{"ID":"60","h":"34","measuredH":"27","measuredW":"142","properties":{"color":"16767334","size":"18","text":"Regularization"},"typeID":"Button","w":"191","x":"1204","y":"934","zOrder":"51"},{"ID":"61","h":"34","measuredH":"27","measuredW":"135","properties":{"size":"18","text":"Normalization"},"typeID":"Button","w":"125","x":"1429","y":"952","zOrder":"52"},{"ID":"63","h":"34","measuredH":"27","measuredW":"89","properties":{"size":"18","text":"Dropout"},"typeID":"Button","w":"98","x":"1429","y":"910","zOrder":"53"},{"ID":"64","h":"34","measuredH":"27","measuredW":"139","properties":{"size":"18","text":"Weight Decay"},"typeID":"Button","w":"146","x":"1429","y":"868","zOrder":"54"},{"ID":"65","h":"16","measuredH":"15","measuredW":"55","properties":{"curvature":"-1","direction":"top","leftArrow":"false","p0":{"x":55,"y":15},"p1":{"x":0.4708222811671088,"y":-0.042440318302387155},"p2":{"x":0,"y":0},"rightArrow":"false","shape":"bezier","stroke":"solid","text":""},"typeID":"Arrow","w":"56","x":"1165","y":"918","zOrder":"55"},{"ID":"66","h":"153","measuredH":"140","measuredW":"180","properties":{"direction":"right","text":" "},"typeID":"VCurly","w":"30","x":"1392","y":"829","zOrder":"56"},{"ID":"67","h":"36","measuredH":"35","measuredW":"52","properties":{"curvature":"1","direction":"bottom","leftArrow":"false","p0":{"x":52,"y":5},"p1":{"x":0.37440273037542665,"y":-0.23242320819112627},"p2":{"x":0,"y":35},"rightArrow":"false","shape":"bezier","stroke":"solid","text":""},"typeID":"Arrow","w":"53","x":"1356","y":"901","zOrder":"57"},{"ID":"68","h":"34","measuredH":"27","measuredW":"90","properties":{"color":"16767334","size":"18","text":"Training"},"typeID":"Button","w":"108","x":"769","y":"886","zOrder":"58"},{"ID":"70","h":"47","measuredH":"48","measuredW":"98","properties":{"size":"18","text":"Learning\\nRate"},"typeID":"Button","w":"108","x":"1204","y":"1283","zOrder":"59"},{"ID":"71","h":"33","measuredH":"32","measuredW":"11","properties":{"curvature":"-1","direction":"top","leftArrow":"false","p0":{"x":11,"y":32,"length":33.83784863137726},"p1":{"x":0.31091122409073124,"y":-0.033242080563159956,"length":0.3126832665586128},"p2":{"x":0,"y":0,"length":0},"rightArrow":"false","shape":"bezier","stroke":"solid","text":""},"typeID":"Arrow","w":"12","x":"1228","y":"1252","zOrder":"60"},{"ID":"76","h":"33","measuredH":"27","measuredW":"208","properties":{"size":"18","text":"Backpropagation Proof"},"typeID":"Button","w":"207","x":"1165","y":"1363","zOrder":"61"},{"ID":"77","h":"114","measuredH":"113","measuredW":"4","properties":{"curvature":"1","direction":"bottom","leftArrow":"false","p0":{"x":0,"y":113,"length":113},"p1":{"x":0.31091122409073113,"y":-0.033242080563159956,"length":0.31268326655861267},"p2":{"x":3,"y":0,"length":3},"rightArrow":"false","shape":"bezier","stroke":"solid","text":""},"typeID":"Arrow","w":"5","x":"1189","y":"1249","zOrder":"62"},{"ID":"78","h":"6","measuredH":"5","measuredW":"32","properties":{"curvature":"1","direction":"top","leftArrow":"false","p0":{"x":32,"y":2,"length":32.0624390837628},"p1":{"x":0.34643023088485947,"y":0.12526721580634576,"length":0.3683826546226228},"p2":{"x":0,"y":0,"length":0},"rightArrow":"false","shape":"bezier","stroke":"solid","text":""},"typeID":"Arrow","w":"33","x":"877","y":"913","zOrder":"63"},{"ID":"79","h":"29","measuredH":"27","measuredW":"72","properties":{"size":"18","text":"Score"},"typeID":"Button","w":"84","x":"663","y":"877","zOrder":"64"},{"ID":"80","h":"29","measuredH":"27","measuredW":"75","properties":{"size":"18","text":"Recall"},"typeID":"Button","w":"84","x":"448","y":"936","zOrder":"65"},{"ID":"81","h":"29","measuredH":"27","measuredW":"99","properties":{"size":"18","text":"Presicion"},"typeID":"Button","w":"84","x":"448","y":"896","zOrder":"66"},{"ID":"82","h":"29","measuredH":"27","measuredW":"103","properties":{"size":"18","text":"Trade Off"},"typeID":"Button","w":"100","x":"326","y":"896","zOrder":"67"},{"ID":"83","h":"29","measuredH":"27","measuredW":"95","properties":{"size":"18","text":"F1 Score"},"typeID":"Button","w":"100","x":"326","y":"936","zOrder":"68"},{"ID":"84","h":"137","measuredH":"140","measuredW":"180","properties":{"direction":"left","text":" "},"typeID":"VCurly","w":"30","x":"532","y":"822","zOrder":"69"},{"ID":"85","h":"53","measuredH":"140","measuredW":"180","properties":{"direction":"left","text":" "},"typeID":"VCurly","w":"30","x":"428","y":"904","zOrder":"70"},{"ID":"86","h":"53","measuredH":"48","measuredW":"106","properties":{"size":"18","text":"Confusion\\nMatrix"},"typeID":"Button","w":"111","x":"550","y":"867","zOrder":"71"},{"ID":"87","h":"29","measuredH":"27","measuredW":"100","properties":{"size":"18","text":"Accuracy"},"typeID":"Button","w":"91","x":"441","y":"855","zOrder":"72"},{"ID":"88","h":"29","measuredH":"27","measuredW":"63","properties":{"size":"18","text":"ROC"},"typeID":"Button","w":"58","x":"474","y":"818","zOrder":"73"},{"ID":"89","h":"29","measuredH":"27","measuredW":"61","properties":{"size":"18","text":"AUC"},"typeID":"Button","w":"58","x":"396","y":"818","zOrder":"74"},{"ID":"90","h":"4","measuredH":"3","measuredW":"22","properties":{"curvature":"1","direction":"top","leftArrow":"false","p0":{"x":22,"y":1,"length":22.02271554554524},"p1":{"x":0.34643023088485947,"y":0.12526721580634576,"length":0.3683826546226228},"p2":{"x":0,"y":0,"length":0},"rightArrow":"false","shape":"bezier","stroke":"solid","text":""},"typeID":"Arrow","w":"23","x":"748","y":"900","zOrder":"75"},{"ID":"91","h":"2","measuredH":"1","measuredW":"22","properties":{"curvature":"1","direction":"top","leftArrow":"false","p0":{"x":22,"y":1,"length":22.02271554554524},"p1":{"x":0.49896907216494846,"y":0.02268041237113402,"length":0.4994842701051498},"p2":{"x":0,"y":0,"length":0},"rightArrow":"false","shape":"bezier","stroke":"solid","text":""},"typeID":"Arrow","w":"23","x":"453","y":"831","zOrder":"76"},{"ID":"92","h":"47","measuredH":"48","measuredW":"116","properties":{"size":"18","text":"Diagnosing\\nModel"},"typeID":"Button","w":"131","x":"565","y":"789","zOrder":"77"},{"ID":"93","h":"33","measuredH":"27","measuredW":"329","properties":{"size":"18","text":"Gradient Vanishing & Exploding Proof"},"typeID":"Button","w":"355","x":"1103","y":"1412","zOrder":"78"},{"ID":"95","h":"33","measuredH":"27","measuredW":"104","properties":{"size":"18","text":"Ensemble"},"typeID":"Button","w":"107","x":"769","y":"845","zOrder":"79"},{"ID":"96","h":"34","measuredH":"27","measuredW":"145","properties":{"size":"18","text":"Early Stopping"},"typeID":"Button","w":"146","x":"1429","y":"826","zOrder":"80"},{"ID":"100","h":"32","measuredH":"27","measuredW":"102","properties":{"size":"18","text":"AdaBoost"},"typeID":"Button","w":"107","x":"749","y":"768","zOrder":"81"},{"ID":"101","h":"69","measuredH":"140","measuredW":"180","properties":{"direction":"left","text":" "},"typeID":"VCurly","w":"30","x":"861","y":"757","zOrder":"82"},{"ID":"102","h":"51","measuredH":"50","measuredW":"9","properties":{"curvature":"-1","direction":"bottom","leftArrow":"false","p0":{"x":4,"y":0},"p1":{"x":0.34643023088485925,"y":0.12526721580634573},"p2":{"x":0,"y":50},"rightArrow":"false","shape":"bezier","stroke":"solid","text":""},"typeID":"Arrow","w":"10","x":"872","y":"792","zOrder":"83"},{"ID":"103","h":"34","measuredH":"27","measuredW":"137","properties":{"size":"18","text":"Data Splitting"},"typeID":"Button","w":"144","x":"666","y":"929","zOrder":"84"},{"ID":"104","h":"44","measuredH":"43","measuredW":"15","properties":{"curvature":"1","direction":"top","leftArrow":"false","p0":{"x":0,"y":0},"p1":{"x":0.34643023088485947,"y":0.12526721580634576},"p2":{"x":15,"y":43},"rightArrow":"false","shape":"bezier","stroke":"solid","text":""},"typeID":"Arrow","w":"16","x":"695","y":"833","zOrder":"85"},{"ID":"105","h":"34","measuredH":"27","measuredW":"137","properties":{"size":"18","text":"Variance-Bias"},"typeID":"Button","w":"144","x":"550","y":"738","zOrder":"86"},{"ID":"107","h":"21","measuredH":"20","measuredW":"6","properties":{"curvature":"1","direction":"top","leftArrow":"false","p0":{"x":0,"y":0},"p1":{"x":0.3464302308848594,"y":0.12526721580634576},"p2":{"x":6,"y":20},"rightArrow":"false","shape":"bezier","stroke":"solid","text":""},"typeID":"Arrow","w":"7","x":"619","y":"769","zOrder":"87"},{"ID":"108","h":"13","measuredH":"12","measuredW":"3","properties":{"curvature":"-1","direction":"bottom","leftArrow":"false","p0":{"x":3,"y":0,"length":3},"p1":{"x":0.3464302308848598,"y":0.12526721580634578,"length":0.36838265462262315},"p2":{"x":0,"y":12,"length":12},"rightArrow":"false","shape":"bezier","stroke":"solid","text":""},"typeID":"Arrow","w":"4","x":"792","y":"919","zOrder":"88"},{"ID":"109","h":"76","measuredH":"140","measuredW":"180","properties":{"direction":"left","text":" "},"typeID":"VCurly","w":"30","x":"649","y":"951","zOrder":"89"},{"ID":"110","h":"29","measuredH":"27","measuredW":"90","properties":{"size":"18","text":"Training"},"typeID":"Button","w":"81","x":"562","y":"938","zOrder":"90"},{"ID":"111","h":"29","measuredH":"27","measuredW":"101","properties":{"size":"18","text":"Validation"},"typeID":"Button","w":"93","x":"550","y":"975","zOrder":"91"},{"ID":"112","h":"29","measuredH":"27","measuredW":"61","properties":{"size":"18","text":"Test"},"typeID":"Button","w":"61","x":"582","y":"1011","zOrder":"92"},{"ID":"113","h":"27","measuredH":"26","measuredW":"32","properties":{"curvature":"-1","direction":"bottom","leftArrow":"false","p0":{"x":32,"y":0},"p1":{"x":0.34643023088485947,"y":0.12526721580634578},"p2":{"x":0,"y":26},"rightArrow":"false","shape":"bezier","stroke":"solid","text":""},"typeID":"Arrow","w":"33","x":"665","y":"961","zOrder":"93"},{"ID":"114","h":"34","measuredH":"27","measuredW":"201","properties":{"size":"18","text":"k-fold cross validation"},"typeID":"Button","w":"200","x":"332","y":"981","zOrder":"94"},{"ID":"115","h":"84","measuredH":"140","measuredW":"180","properties":{"direction":"right","text":" "},"typeID":"VCurly","w":"30","x":"1545","y":"928","zOrder":"95"},{"ID":"116","h":"34","measuredH":"27","measuredW":"71","properties":{"size":"18","text":"Layer"},"typeID":"Button","w":"77","x":"1579","y":"911","zOrder":"96"},{"ID":"117","h":"32","measuredH":"27","measuredW":"69","properties":{"size":"18","text":"Batch"},"typeID":"Button","w":"77","x":"1579","y":"950","zOrder":"97"},{"ID":"118","h":"33","measuredH":"27","measuredW":"81","properties":{"size":"18","text":"Weight"},"typeID":"Button","w":"77","x":"1579","y":"986","zOrder":"98"},{"ID":"119","h":"103","measuredH":"102","measuredW":"54","properties":{"curvature":"-1","direction":"bottom","leftArrow":"false","p0":{"x":52,"y":0},"p1":{"x":0.3464302308848594,"y":0.12526721580634576},"p2":{"x":0,"y":102},"rightArrow":"false","shape":"bezier","stroke":"solid","text":""},"typeID":"Arrow","w":"55","x":"1128","y":"1248","zOrder":"99"},{"ID":"120","h":"57","measuredH":"48","measuredW":"158","properties":{"size":"18","text":"Finite Difference\\nMethod"},"typeID":"Button","w":"151","x":"982","y":"1334","zOrder":"100"},{"ID":"121","h":"52","measuredH":"48","measuredW":"143","properties":{"color":"16767334","size":"18","text":"Dimensionality\\nReduction"},"typeID":"Button","w":"155","x":"707","y":"671","zOrder":"101"},{"ID":"122","h":"34","measuredH":"27","measuredW":"110","properties":{"color":"16767334","size":"18","text":"Clustering"},"typeID":"Button","w":"115","x":"911","y":"706","zOrder":"102"},{"ID":"123","h":"34","measuredH":"27","measuredW":"63","properties":{"color":"16767334","size":"18","text":"SVM"},"typeID":"Button","w":"80","x":"1179","y":"672","zOrder":"103"},{"ID":"124","h":"37","measuredH":"27","measuredW":"161","properties":{"color":"16767334","size":"18","text":"Non-Probabilistic"},"typeID":"Button","w":"154","x":"1063","y":"790","zOrder":"104"},{"ID":"125","h":"166","measuredH":"165","measuredW":"64","properties":{"curvature":"1","direction":"top","leftArrow":"false","p0":{"x":0,"y":0},"p1":{"x":0.34643023088485947,"y":0.12526721580634576},"p2":{"x":64,"y":165},"rightArrow":"false","shape":"bezier","stroke":"solid","text":""},"typeID":"Arrow","w":"65","x":"860","y":"719","zOrder":"105"},{"ID":"126","h":"29","measuredH":"27","measuredW":"140","properties":{"size":"18","text":"Inductive Bias"},"typeID":"Button","w":"135","x":"415","y":"781","zOrder":"106"},{"ID":"127","h":"148","measuredH":"147","measuredW":"2","properties":{"curvature":"0","direction":"top","leftArrow":"false","p0":{"x":0,"y":0,"length":0},"p1":{"x":0.35336348219332975,"y":0.002656868287167894,"length":0.35337347027881283},"p2":{"x":2,"y":147,"length":147.0136048126159},"rightArrow":"false","shape":"bezier","stroke":"solid","text":""},"typeID":"Arrow","w":"3","x":"967","y":"738","zOrder":"107"},{"ID":"128","h":"60","measuredH":"59","measuredW":"11","properties":{"curvature":"0","direction":"bottom","leftArrow":"false","p0":{"x":11,"y":0,"length":11},"p1":{"x":0.3533634821933296,"y":0.0026568682871678942,"length":0.3533734702788127},"p2":{"x":0,"y":59,"length":59},"rightArrow":"false","shape":"bezier","stroke":"solid","text":""},"typeID":"Arrow","w":"12","x":"1114","y":"826","zOrder":"108"},{"ID":"129","h":"86","measuredH":"85","measuredW":"29","properties":{"curvature":"1","direction":"bottom","leftArrow":"false","p0":{"x":29,"y":0},"p1":{"x":0.4832780188920092,"y":-0.03714577482767424},"p2":{"x":0,"y":85},"rightArrow":"false","shape":"bezier","stroke":"solid","text":""},"typeID":"Arrow","w":"30","x":"1151","y":"704","zOrder":"109"},{"ID":"130","h":"36","measuredH":"27","measuredW":"196","properties":{"size":"18","text":"Eigen Decomposition"},"typeID":"Button","w":"210","x":"582","y":"619","zOrder":"110"},{"ID":"131","h":"16","measuredH":"15","measuredW":"2","properties":{"curvature":"1","direction":"top","leftArrow":"false","p0":{"x":0,"y":0},"p1":{"x":0.34643023088485947,"y":0.12526721580634573},"p2":{"x":2,"y":15},"rightArrow":"false","shape":"bezier","stroke":"solid","text":""},"typeID":"Arrow","w":"3","x":"748","y":"655","zOrder":"111"},{"ID":"132","h":"32","measuredH":"27","measuredW":"120","properties":{"size":"18","text":"Eigen Value"},"typeID":"Button","w":"131","x":"612","y":"536","zOrder":"112"},{"ID":"133","h":"68","measuredH":"140","measuredW":"180","properties":{"direction":"right","text":" "},"typeID":"VCurly","w":"30","x":"578","y":"543","zOrder":"113"},{"ID":"134","h":"31","measuredH":"27","measuredW":"130","properties":{"size":"18","text":"Eigen Vector"},"typeID":"Button","w":"141","x":"612","y":"575","zOrder":"114"},{"ID":"135","h":"36","measuredH":"27","measuredW":"150","properties":{"size":"18","text":"Matrix Property"},"typeID":"Button","w":"145","x":"474","y":"679","zOrder":"115"},{"ID":"136","h":"53","measuredH":"52","measuredW":"16","properties":{"curvature":"1","direction":"bottom","leftArrow":"false","p0":{"x":16,"y":0},"p1":{"x":0.42534675006799016,"y":-0.22110416100081587},"p2":{"x":7,"y":52},"rightArrow":"false","shape":"bezier","stroke":"solid","text":""},"typeID":"Arrow","w":"17","x":"576","y":"580","zOrder":"116"},{"ID":"140","h":"36","measuredH":"27","measuredW":"60","properties":{"size":"18","text":"PCA"},"typeID":"Button","w":"70","x":"807","y":"516","zOrder":"117"},{"ID":"141","h":"36","measuredH":"27","measuredW":"61","properties":{"size":"18","text":"SVD"},"typeID":"Button","w":"70","x":"807","y":"560","zOrder":"118"},{"ID":"143","h":"26","measuredH":"25","measuredW":"20","properties":{"curvature":"-1","direction":"bottom","leftArrow":"false","p0":{"x":20,"y":0},"p1":{"x":0.34643023088485975,"y":0.1252672158063457},"p2":{"x":0,"y":25},"rightArrow":"false","shape":"bezier","stroke":"solid","text":""},"typeID":"Arrow","w":"21","x":"605","y":"654","zOrder":"119"},{"ID":"145","h":"68","measuredH":"140","measuredW":"180","properties":{"direction":"right","text":" "},"typeID":"VCurly","w":"32","x":"772","y":"529","zOrder":"120"},{"ID":"146","h":"54","measuredH":"53","measuredW":"20","properties":{"curvature":"1","direction":"bottom","leftArrow":"false","p0":{"x":20,"y":0},"p1":{"x":0.4299419397837725,"y":-0.23001440322775438},"p2":{"x":6,"y":53},"rightArrow":"false","shape":"bezier","stroke":"solid","text":""},"typeID":"Arrow","w":"21","x":"769","y":"565","zOrder":"121"},{"ID":"147","h":"163","measuredH":"140","measuredW":"180","properties":{"direction":"left","text":" "},"typeID":"VCurly","w":"30","x":"458","y":"582","zOrder":"122"},{"ID":"148","h":"31","measuredH":"27","measuredW":"139","properties":{"size":"18","text":"Square Matrix"},"typeID":"Button","w":"145","x":"305","y":"611","zOrder":"123"},{"ID":"149","h":"36","measuredH":"27","measuredW":"194","properties":{"size":"18","text":"Lagrangian approach"},"typeID":"Button","w":"212","x":"1210","y":"476","zOrder":"124"},{"ID":"150","h":"33","measuredH":"27","measuredW":"113","properties":{"size":"18","text":"Symmetric"},"typeID":"Button","w":"118","x":"332","y":"648","zOrder":"125"},{"ID":"151","h":"29","measuredH":"27","measuredW":"114","properties":{"size":"18","text":"Orthogonal"},"typeID":"Button","w":"118","x":"332","y":"687","zOrder":"126"},{"ID":"152","h":"31","measuredH":"27","measuredW":"93","properties":{"size":"18","text":"Singular"},"typeID":"Button","w":"93","x":"359","y":"722","zOrder":"127"},{"ID":"154","h":"23","measuredH":"22","measuredW":"38","properties":{"curvature":"-1","direction":"top","leftArrow":"false","p0":{"x":38,"y":22},"p1":{"x":0.5539823008849557,"y":-0.2902654867256637},"p2":{"x":0,"y":5},"rightArrow":"false","shape":"bezier","stroke":"solid","text":""},"typeID":"Arrow","w":"39","x":"472","y":"658","zOrder":"128"},{"ID":"156","h":"36","measuredH":"27","measuredW":"142","properties":{"size":"18","text":"KKT Condition"},"typeID":"Button","w":"145","x":"1210","y":"522","zOrder":"129"},{"ID":"165","h":"36","measuredH":"27","measuredW":"126","properties":{"size":"18","text":"Determinant"},"typeID":"Button","w":"123","x":"457","y":"528","zOrder":"130"},{"ID":"169","h":"32","measuredH":"27","measuredW":"90","properties":{"size":"18","text":"Bagging"},"typeID":"Button","w":"107","x":"750","y":"731","zOrder":"131"},{"ID":"170","h":"32","measuredH":"27","measuredW":"149","properties":{"size":"18","text":"Random Forest"},"typeID":"Button","w":"137","x":"719","y":"806","zOrder":"132"},{"ID":"171","h":"36","measuredH":"27","measuredW":"118","properties":{"size":"18","text":"Kernel PCA"},"typeID":"Button","w":"109","x":"804","y":"471","zOrder":"133"},{"ID":"173","h":"36","measuredH":"27","measuredW":"106","properties":{"size":"18","text":"Projection"},"typeID":"Button","w":"123","x":"457","y":"484","zOrder":"134"},{"ID":"174","h":"30","measuredH":"27","measuredW":"119","properties":{"size":"18","text":"Idempotent"},"typeID":"Button","w":"145","x":"305","y":"573","zOrder":"135"},{"ID":"176","h":"37","measuredH":"27","measuredW":"141","properties":{"size":"18","text":"Type 1,2 Error"},"typeID":"Button","w":"135","x":"254","y":"842","zOrder":"136"},{"ID":"177","h":"21","measuredH":"20","measuredW":"6","properties":{"curvature":"1","direction":"top","leftArrow":"false","p0":{"x":0,"y":0,"length":0},"p1":{"x":0.3464302308848595,"y":0.12526721580634578,"length":0.36838265462262293},"p2":{"x":6,"y":20,"length":20.8806130178211},"rightArrow":"false","shape":"bezier","stroke":"solid","text":""},"typeID":"Arrow","w":"7","x":"365","y":"875","zOrder":"137"},{"ID":"178","h":"50","measuredH":"48","measuredW":"149","properties":{"size":"18","text":"Representation\\nLearning"},"typeID":"Button","w":"162","x":"1511","y":"1317","zOrder":"138"},{"ID":"179","h":"112","measuredH":"111","measuredW":"38","properties":{"curvature":"-1","direction":"bottom","leftArrow":"false","p0":{"x":38,"y":0},"p1":{"x":0.43489755452742895,"y":0.0806345009914078},"p2":{"x":0,"y":111},"rightArrow":"false","shape":"bezier","stroke":"solid","text":""},"typeID":"Arrow","w":"39","x":"962","y":"936","zOrder":"139"},{"ID":"181","measuredH":"48","measuredW":"72","properties":{"href":{"URL":"https://developers.google.com/machine-learning/glossary/"},"size":"18","text":"Google\\nML Term"},"typeID":"Link","x":"915","y":"1047","zOrder":"140"},{"ID":"183","h":"36","measuredH":"27","measuredW":"65","properties":{"size":"18","text":"SOM"},"typeID":"Button","w":"70","x":"940","y":"557","zOrder":"141"},{"ID":"186","h":"53","measuredH":"48","measuredW":"154","properties":{"size":"18","text":"Instance-based\\nLearning"},"typeID":"Button","w":"178","x":"940","y":"447","zOrder":"142"},{"ID":"187","h":"36","measuredH":"27","measuredW":"143","properties":{"size":"18","text":"KNN Algorithm"},"typeID":"Button","w":"136","x":"940","y":"403","zOrder":"143"},{"ID":"188","h":"156","measuredH":"140","measuredW":"180","properties":{"direction":"right","text":" "},"typeID":"VCurly","w":"38","x":"899","y":"524","zOrder":"144"},{"ID":"189","h":"60","measuredH":"59","measuredW":"24","properties":{"curvature":"1","direction":"bottom","leftArrow":"false","p0":{"x":23.000000000000007,"y":0,"length":23.000000000000007},"p1":{"x":0.44893177843347426,"y":-0.2741526458534241,"length":0.5260222570537059},"p2":{"x":9.684210526315791,"y":59,"length":59.789496849513675},"rightArrow":"false","shape":"bezier","stroke":"solid","text":""},"typeID":"Arrow","w":"23","x":"902","y":"647","zOrder":"145"},{"ID":"190","h":"36","measuredH":"27","measuredW":"118","properties":{"size":"18","text":"Hierarchical"},"typeID":"Button","w":"114","x":"942","y":"647","zOrder":"146"},{"ID":"192","h":"36","measuredH":"27","measuredW":"87","properties":{"size":"18","text":"Pational"},"typeID":"Button","w":"91","x":"940","y":"602","zOrder":"147"},{"ID":"193","h":"36","measuredH":"27","measuredW":"98","properties":{"size":"18","text":"K-means"},"typeID":"Button","w":"91","x":"1061","y":"602","zOrder":"148"},{"ID":"194","h":"3","measuredH":"2","measuredW":"30","properties":{"curvature":"-1","direction":"top","leftArrow":"false","p0":{"x":30,"y":2},"p1":{"x":0.4708222811671088,"y":-0.042440318302387176},"p2":{"x":0,"y":2},"rightArrow":"false","shape":"bezier","stroke":"solid","text":""},"typeID":"Arrow","w":"31","x":"1031","y":"618","zOrder":"149"},{"ID":"195","h":"36","measuredH":"27","measuredW":"93","properties":{"size":"18","text":"Spectral"},"typeID":"Button","w":"101","x":"940","y":"510","zOrder":"150"},{"ID":"196","h":"36","measuredH":"27","measuredW":"81","properties":{"size":"18","text":"Duality"},"typeID":"Button","w":"86","x":"1370","y":"523","zOrder":"151"},{"ID":"197","h":"36","measuredH":"27","measuredW":"83","properties":{"size":"18","text":"C-SVM"},"typeID":"Button","w":"92","x":"1210","y":"568","zOrder":"152"},{"ID":"198","h":"36","measuredH":"27","measuredW":"121","properties":{"size":"18","text":"Kernel SVM"},"typeID":"Button","w":"128","x":"1210","y":"613","zOrder":"153"},{"ID":"199","h":"156","measuredH":"140","measuredW":"180","properties":{"direction":"right","text":" "},"typeID":"VCurly","w":"38","x":"1165","y":"485","zOrder":"154"},{"ID":"200","h":"110","measuredH":"109","measuredW":"20","properties":{"curvature":"1","direction":"bottom","leftArrow":"false","p0":{"x":20,"y":0},"p1":{"x":0.4382664202922896,"y":-0.1542079623719133},"p2":{"x":15,"y":109},"rightArrow":"false","shape":"bezier","stroke":"solid","text":""},"typeID":"Arrow","w":"21","x":"1169","y":"561","zOrder":"155"},{"ID":"201","h":"36","measuredH":"27","measuredW":"169","properties":{"size":"18","text":"Mapping Function"},"typeID":"Button","w":"189","x":"1346","y":"614","zOrder":"156"},{"ID":"202","h":"36","measuredH":"27","measuredW":"146","properties":{"size":"18","text":"Primal Problem"},"typeID":"Button","w":"147","x":"1473","y":"484","zOrder":"157"},{"ID":"203","h":"36","measuredH":"27","measuredW":"132","properties":{"size":"18","text":"Dual Problem"},"typeID":"Button","w":"147","x":"1473","y":"528","zOrder":"158"},{"ID":"204","h":"36","measuredH":"27","measuredW":"122","properties":{"size":"18","text":"Kernel Trick"},"typeID":"Button","w":"128","x":"1346","y":"659","zOrder":"159"},{"ID":"205","h":"36","measuredH":"27","measuredW":"68","properties":{"size":"18","text":"Norm"},"typeID":"Button","w":"68","x":"605","y":"1226","zOrder":"160"},{"ID":"206","h":"36","measuredH":"27","measuredW":"152","properties":{"size":"18","text":"Frobenius Norm"},"typeID":"Button","w":"153","x":"448","y":"1226","zOrder":"161"},{"ID":"207","h":"34","measuredH":"27","measuredW":"67","properties":{"size":"18","text":"logits"},"typeID":"Button","w":"61","x":"1294","y":"1011","zOrder":"162"},{"ID":"208","h":"4","measuredH":"3","measuredW":"16","properties":{"curvature":"1","direction":"bottom","leftArrow":"false","p0":{"x":16,"y":1,"length":16.0312195418814},"p1":{"x":0.47082228116710884,"y":-0.04244031830238716,"length":0.47273121439250027},"p2":{"x":0,"y":3,"length":3},"rightArrow":"false","shape":"bezier","stroke":"solid","text":""},"typeID":"Arrow","w":"17","x":"1279","y":"1039","zOrder":"163"}]},"measuredH":"1445","measuredW":"1673","mockupH":"1042","mockupW":"1419","version":"1.0"}}
