{"mockup":{"controls":{"control":[{"ID":"0","h":"68","measuredH":"52","measuredW":"294","properties":{"color":"13421772","size":"20","text":"Natural Language Processing\\n(Based on Deep Learning)"},"typeID":"Button","w":"326","x":"1535","y":"792","zOrder":"0"},{"ID":"1","h":"58","measuredH":"48","measuredW":"107","properties":{"color":"16767334","size":"18","text":"Language\\nModel"},"typeID":"Button","w":"114","x":"1889","y":"802","zOrder":"1"},{"ID":"2","measuredH":"23","measuredW":"126","properties":{"href":{"URL":"https://github.com/graykode"},"size":"15","text":"Github: @graykode"},"typeID":"Link","x":"1522","y":"870","zOrder":"2"},{"ID":"4","h":"39","measuredH":"27","measuredW":"63","properties":{"color":"16767334","size":"18","text":"Task"},"typeID":"Button","w":"66","x":"1410","y":"847","zOrder":"3"},{"ID":"5","h":"36","measuredH":"27","measuredW":"131","properties":{"size":"18","text":"POS Tagging"},"typeID":"Button","w":"135","x":"1237","y":"606","zOrder":"4"},{"ID":"6","h":"36","measuredH":"27","measuredW":"86","properties":{"size":"18","text":"Parsing"},"typeID":"Button","w":"93","x":"1279","y":"651","zOrder":"5"},{"ID":"7","h":"36","measuredH":"27","measuredW":"237","properties":{"size":"18","text":"Named Entity Recognition"},"typeID":"Button","w":"232","x":"1140","y":"695","zOrder":"6"},{"ID":"8","h":"36","measuredH":"27","measuredW":"216","properties":{"size":"18","text":"Coreference Resolution"},"typeID":"Button","w":"215","x":"1157","y":"740","zOrder":"7"},{"ID":"9","h":"36","measuredH":"27","measuredW":"182","properties":{"size":"18","text":"Sentiment Analysis"},"typeID":"Button","w":"193","x":"1179","y":"782","zOrder":"8"},{"ID":"10","h":"36","measuredH":"27","measuredW":"185","properties":{"size":"18","text":"Machine Translation"},"typeID":"Button","w":"198","x":"1174","y":"824","zOrder":"9"},{"ID":"11","h":"36","measuredH":"27","measuredW":"190","properties":{"size":"18","text":"Question Answering"},"typeID":"Button","w":"198","x":"1174","y":"869","zOrder":"10"},{"ID":"12","h":"36","measuredH":"27","measuredW":"225","properties":{"size":"18","text":"Reading Comprehension"},"typeID":"Button","w":"232","x":"1140","y":"915","zOrder":"11"},{"ID":"13","h":"36","measuredH":"27","measuredW":"153","properties":{"size":"18","text":"Text Generation"},"typeID":"Button","w":"165","x":"1207","y":"957","zOrder":"12"},{"ID":"14","h":"36","measuredH":"27","measuredW":"146","properties":{"size":"18","text":"Summarization"},"typeID":"Button","w":"165","x":"1207","y":"1001","zOrder":"13"},{"ID":"15","h":"36","measuredH":"27","measuredW":"174","properties":{"size":"18","text":"Dialogue Systems"},"typeID":"Button","w":"165","x":"1207","y":"1046","zOrder":"14"},{"ID":"16","h":"495","measuredH":"140","measuredW":"180","properties":{"direction":"left","text":" "},"typeID":"VCurly","w":"30","x":"1380","y":"619","zOrder":"15"},{"ID":"17","h":"36","measuredH":"27","measuredW":"123","properties":{"size":"18","text":"BLEU Score"},"typeID":"Button","w":"126","x":"1041","y":"824","zOrder":"16"},{"ID":"18","h":"36","measuredH":"27","measuredW":"140","properties":{"size":"18","text":"ROUGE Score"},"typeID":"Button","w":"143","x":"1059","y":"1001","zOrder":"17"},{"ID":"19","h":"36","measuredH":"27","measuredW":"105","properties":{"size":"18","text":"Perplexity"},"typeID":"Button","w":"100","x":"1070","y":"1090","zOrder":"18"},{"ID":"20","h":"36","measuredH":"27","measuredW":"190","properties":{"size":"18","text":"Language Modelling"},"typeID":"Button","w":"193","x":"1179","y":"1090","zOrder":"19"},{"ID":"21","h":"31","measuredH":"30","measuredW":"59","properties":{"curvature":"-1","direction":"bottom","leftArrow":"false","p0":{"x":0,"y":30},"p1":{"x":0.4503340757238311,"y":0.02761692650334076},"p2":{"x":59,"y":0},"rightArrow":"false","shape":"bezier","stroke":"solid","text":""},"typeID":"Arrow","w":"60","x":"1475","y":"836","zOrder":"20"},{"ID":"22","h":"44","measuredH":"43","measuredW":"5","properties":{"curvature":"-1","direction":"bottom","leftArrow":"false","p0":{"x":1,"y":43,"length":43.01162633521314},"p1":{"x":0.45033407572383116,"y":0.02761692650334073,"length":0.4511800908589919},"p2":{"x":5,"y":0,"length":5},"rightArrow":"false","shape":"bezier","stroke":"solid","text":""},"typeID":"Arrow","w":"6","x":"1681","y":"860","zOrder":"21"},{"ID":"24","h":"36","measuredH":"27","measuredW":"123","properties":{"size":"18","text":"P(wi | w1:i-1)"},"typeID":"Button","w":"122","x":"1852","y":"870","zOrder":"22"},{"ID":"25","h":"39","measuredH":"27","measuredW":"221","properties":{"color":"16770457","size":"18","text":"Encoder-Decoder Model"},"typeID":"Button","w":"241","x":"1875","y":"645","zOrder":"23"},{"ID":"27","h":"36","measuredH":"27","measuredW":"160","properties":{"color":"15374745","size":"18","text":"Recurrent Model"},"typeID":"Button","w":"158","x":"1535","y":"454","zOrder":"24"},{"ID":"28","h":"37","measuredH":"27","measuredW":"243","properties":{"color":"16770457","size":"18","text":"Distributed Representation"},"typeID":"Button","w":"241","x":"1464","y":"899","zOrder":"25"},{"ID":"29","h":"36","measuredH":"27","measuredW":"81","properties":{"size":"18","text":"n-gram"},"typeID":"Button","w":"82","x":"1456","y":"293","zOrder":"26"},{"ID":"30","h":"3","measuredH":"2","measuredW":"28","properties":{"curvature":"1","direction":"top","leftArrow":"false","p0":{"x":0,"y":1},"p1":{"x":0.45033407572383133,"y":0.027616926503340737},"p2":{"x":28,"y":2},"rightArrow":"false","shape":"bezier","stroke":"solid","text":""},"typeID":"Arrow","w":"29","x":"1860","y":"827","zOrder":"27"},{"ID":"32","h":"36","measuredH":"27","measuredW":"185","properties":{"size":"18","text":"Machine Translation"},"typeID":"Button","w":"198","x":"2081","y":"433","zOrder":"28"},{"ID":"33","h":"36","measuredH":"27","measuredW":"146","properties":{"size":"18","text":"Summarization"},"typeID":"Button","w":"165","x":"2081","y":"475","zOrder":"29"},{"ID":"34","h":"39","measuredH":"27","measuredW":"206","properties":{"color":"16767334","size":"18","text":"State of the Art Model"},"typeID":"Button","w":"197","x":"2104","y":"1114","zOrder":"30"},{"ID":"36","h":"36","measuredH":"27","measuredW":"196","properties":{"size":"18","text":"Word Representation"},"typeID":"Button","w":"199","x":"1486","y":"945","zOrder":"31"},{"ID":"37","h":"36","measuredH":"27","measuredW":"201","properties":{"size":"18","text":"Co-occurrence Matrix"},"typeID":"Button","w":"204","x":"1486","y":"990","zOrder":"32"},{"ID":"38","h":"302","measuredH":"140","measuredW":"180","properties":{"direction":"right","text":" "},"typeID":"VCurly","w":"30","x":"1491","y":"454","zOrder":"33"},{"ID":"39","h":"39","measuredH":"27","measuredW":"69","properties":{"color":"16767334","size":"18","text":"Basic"},"typeID":"Button","w":"66","x":"1434","y":"586","zOrder":"34"},{"ID":"40","h":"36","measuredH":"27","measuredW":"116","properties":{"size":"18","text":"Embedding"},"typeID":"Button","w":"145","x":"1498","y":"1037","zOrder":"35"},{"ID":"41","h":"70","measuredH":"140","measuredW":"180","properties":{"direction":"right","text":" "},"typeID":"VCurly","w":"30","x":"1450","y":"957","zOrder":"36"},{"ID":"42","h":"61","measuredH":"48","measuredW":"243","properties":{"color":"16370588","size":"18","text":"Word Representation to\\nContextual Representation"},"typeID":"Button","w":"249","x":"1995","y":"957","zOrder":"37"},{"ID":"43","h":"36","measuredH":"27","measuredW":"163","properties":{"size":"18","text":"Word Embedding"},"typeID":"Button","w":"178","x":"1518","y":"1082","zOrder":"38"},{"ID":"44","h":"51","measuredH":"48","measuredW":"116","properties":{"size":"18","text":"Character\\nEmbedding"},"typeID":"Button","w":"146","x":"1519","y":"1126","zOrder":"39"},{"ID":"45","h":"70","measuredH":"140","measuredW":"180","properties":{"direction":"right","text":" "},"typeID":"VCurly","w":"30","x":"1488","y":"1090","zOrder":"40"},{"ID":"46","h":"61","measuredH":"60","measuredW":"20","properties":{"curvature":"-1","direction":"bottom","leftArrow":"false","p0":{"x":16,"y":60},"p1":{"x":0.23249669749009247,"y":0.2727873183619551},"p2":{"x":20,"y":0},"rightArrow":"false","shape":"bezier","stroke":"solid","text":""},"typeID":"Arrow","w":"21","x":"1449","y":"932","zOrder":"41"},{"ID":"47","h":"57","measuredH":"56","measuredW":"16","properties":{"curvature":"1","direction":"top","leftArrow":"false","p0":{"x":16,"y":56,"length":58.240879114244144},"p1":{"x":0.23249669749009244,"y":0.272787318361955,"length":0.3584238209200194},"p2":{"x":14,"y":0,"length":14},"rightArrow":"false","shape":"bezier","stroke":"solid","text":""},"typeID":"Arrow","w":"17","x":"1486","y":"1070","zOrder":"42"},{"ID":"48","h":"36","measuredH":"27","measuredW":"108","properties":{"size":"18","text":"Word2Vec"},"typeID":"Button","w":"125","x":"1729","y":"1071","zOrder":"43"},{"ID":"49","h":"36","measuredH":"27","measuredW":"70","properties":{"size":"18","text":"Glove"},"typeID":"Button","w":"76","x":"1729","y":"1115","zOrder":"44"},{"ID":"50","h":"36","measuredH":"27","measuredW":"96","properties":{"size":"18","text":"FastText"},"typeID":"Button","w":"107","x":"1729","y":"1158","zOrder":"45"},{"ID":"51","h":"31","measuredH":"27","measuredW":"128","properties":{"size":"18","text":"Cost Method"},"typeID":"Button","w":"136","x":"1718","y":"1024","zOrder":"46"},{"ID":"52","h":"63","measuredH":"140","measuredW":"180","properties":{"direction":"right","text":" "},"typeID":"VCurly","w":"30","x":"1844","y":"1059","zOrder":"47"},{"ID":"53","h":"35","measuredH":"27","measuredW":"79","properties":{"size":"18","text":"CBOW"},"typeID":"Button","w":"71","x":"1878","y":"1051","zOrder":"48"},{"ID":"54","h":"35","measuredH":"27","measuredW":"107","properties":{"size":"18","text":"Skip-gram"},"typeID":"Button","w":"111","x":"1878","y":"1092","zOrder":"49"},{"ID":"55","h":"35","measuredH":"27","measuredW":"188","properties":{"size":"18","text":"Copying Mechanism"},"typeID":"Button","w":"197","x":"2279","y":"535","zOrder":"50"},{"ID":"56","h":"115","measuredH":"140","measuredW":"180","properties":{"direction":"right","text":" "},"typeID":"VCurly","w":"30","x":"1696","y":"1078","zOrder":"51"},{"ID":"57","h":"36","measuredH":"27","measuredW":"192","properties":{"size":"18","text":"Hierarchical Softmax"},"typeID":"Button","w":"180","x":"1751","y":"931","zOrder":"52"},{"ID":"58","h":"36","measuredH":"27","measuredW":"177","properties":{"size":"18","text":"Negative Sampling"},"typeID":"Button","w":"180","x":"1751","y":"974","zOrder":"53"},{"ID":"59","h":"63","measuredH":"140","measuredW":"180","properties":{"direction":"right","text":" "},"typeID":"VCurly","w":"30","x":"1721","y":"941","zOrder":"54"},{"ID":"60","h":"60","measuredH":"59","measuredW":"20","properties":{"curvature":"-1","direction":"bottom","leftArrow":"false","p0":{"x":3,"y":59,"length":59.07622195096772},"p1":{"x":0.5119363395225464,"y":0.16445623342175064,"length":0.5377031415521144},"p2":{"x":20,"y":0,"length":20},"rightArrow":"false","shape":"bezier","stroke":"solid","text":""},"typeID":"Arrow","w":"21","x":"1716","y":"973","zOrder":"55"},{"ID":"61","h":"16","measuredH":"15","measuredW":"1","properties":{"curvature":"0","direction":"top","leftArrow":"false","p0":{"x":1,"y":15,"length":15.033296378372908},"p1":{"x":0.6599469496021219,"y":0.0037135278514588864,"length":0.6599573975479396},"p2":{"x":1,"y":0,"length":1},"rightArrow":"false","shape":"bezier","stroke":"solid","text":""},"typeID":"Arrow","w":"2","x":"1776","y":"1055","zOrder":"56"},{"ID":"62","h":"37","measuredH":"36","measuredW":"19","properties":{"curvature":"-1","direction":"top","leftArrow":"false","p0":{"x":19,"y":36},"p1":{"x":0.39447731755424065,"y":-0.05325443786982249},"p2":{"x":0,"y":0},"rightArrow":"false","shape":"bezier","stroke":"solid","text":""},"typeID":"Arrow","w":"20","x":"1694","y":"1098","zOrder":"57"},{"ID":"63","h":"36","measuredH":"27","measuredW":"186","properties":{"color":"16777215","size":"18","text":"Convolutional Model"},"typeID":"Button","w":"186","x":"1535","y":"506","zOrder":"58"},{"ID":"64","h":"36","measuredH":"27","measuredW":"159","properties":{"color":"16777215","size":"18","text":"Recursive Model"},"typeID":"Button","w":"186","x":"1535","y":"633","zOrder":"59"},{"ID":"65","h":"36","measuredH":"27","measuredW":"61","properties":{"size":"18","text":"RNN"},"typeID":"Button","w":"69","x":"1573","y":"301","zOrder":"60"},{"ID":"66","h":"187","measuredH":"186","measuredW":"79","properties":{"curvature":"1","direction":"top","leftArrow":"false","p0":{"x":79,"y":186},"p1":{"x":0.43677187036644777,"y":0.13146932147143967},"p2":{"x":1,"y":0},"rightArrow":"false","shape":"bezier","stroke":"solid","text":""},"typeID":"Arrow","w":"80","x":"1457","y":"626","zOrder":"61"},{"ID":"67","h":"36","measuredH":"27","measuredW":"123","properties":{"size":"18","text":"P(wi | w1:i-1)"},"typeID":"Button","w":"115","x":"1693","y":"402","zOrder":"62"},{"ID":"68","h":"124","measuredH":"140","measuredW":"180","properties":{"direction":"right","text":" "},"typeID":"VCurly","w":"30","x":"1535","y":"300","zOrder":"63"},{"ID":"69","h":"36","measuredH":"27","measuredW":"198","properties":{"size":"18","text":"Kernel Size = n-gram"},"typeID":"Button","w":"188","x":"1729","y":"506","zOrder":"64"},{"ID":"70","h":"36","measuredH":"27","measuredW":"73","properties":{"size":"18","text":"LSTM"},"typeID":"Button","w":"69","x":"1573","y":"343","zOrder":"65"},{"ID":"71","h":"36","measuredH":"27","measuredW":"105","properties":{"size":"18","text":"Cell State"},"typeID":"Button","w":"104","x":"1652","y":"343","zOrder":"66"},{"ID":"73","h":"36","measuredH":"27","measuredW":"71","properties":{"size":"18","text":"BPTT"},"typeID":"Button","w":"76","x":"1653","y":"301","zOrder":"67"},{"ID":"74","h":"36","measuredH":"27","measuredW":"177","properties":{"size":"18","text":"Vanishing Gradient"},"typeID":"Button","w":"177","x":"1734","y":"301","zOrder":"68"},{"ID":"75","h":"55","measuredH":"48","measuredW":"112","properties":{"size":"18","text":"Sequential\\nModel"},"typeID":"Button","w":"118","x":"1426","y":"335","zOrder":"69"},{"ID":"76","h":"36","measuredH":"27","measuredW":"62","properties":{"size":"18","text":"GRU"},"typeID":"Button","w":"69","x":"1573","y":"387","zOrder":"70"},{"ID":"77","h":"77","measuredH":"76","measuredW":"48","properties":{"curvature":"1","direction":"top","leftArrow":"false","p0":{"x":48,"y":76},"p1":{"x":0.4742574257425743,"y":0.04257425742574258},"p2":{"x":0,"y":0},"rightArrow":"false","shape":"bezier","stroke":"solid","text":""},"typeID":"Arrow","w":"49","x":"1487","y":"388","zOrder":"71"},{"ID":"78","h":"35","measuredH":"34","measuredW":"24","properties":{"curvature":"-1","direction":"bottom","leftArrow":"false","p0":{"x":0,"y":34},"p1":{"x":0.4503340757238311,"y":0.02761692650334072},"p2":{"x":24,"y":0},"rightArrow":"false","shape":"bezier","stroke":"solid","text":""},"typeID":"Arrow","w":"25","x":"1693","y":"436","zOrder":"72"},{"ID":"79","h":"37","measuredH":"27","measuredW":"145","properties":{"size":"18","text":"Greedy Search"},"typeID":"Button","w":"140","x":"1831","y":"376","zOrder":"73"},{"ID":"80","h":"37","measuredH":"27","measuredW":"133","properties":{"size":"18","text":"Beam Search"},"typeID":"Button","w":"128","x":"1831","y":"420","zOrder":"74"},{"ID":"81","h":"63","measuredH":"140","measuredW":"180","properties":{"direction":"right","text":" "},"typeID":"VCurly","w":"30","x":"1798","y":"389","zOrder":"75"},{"ID":"82","h":"48","measuredH":"140","measuredW":"180","properties":{"direction":"right","text":" "},"typeID":"VCurly","w":"30","x":"1564","y":"559","zOrder":"76"},{"ID":"83","h":"42","measuredH":"41","measuredW":"21","properties":{"curvature":"1","direction":"top","leftArrow":"false","p0":{"x":21,"y":41},"p1":{"x":0.3188050930460333,"y":0.26689520078354556},"p2":{"x":2,"y":0},"rightArrow":"false","shape":"bezier","stroke":"solid","text":""},"typeID":"Arrow","w":"22","x":"1559","y":"542","zOrder":"77"},{"ID":"84","h":"33","measuredH":"27","measuredW":"98","properties":{"size":"18","text":"TextCNN"},"typeID":"Button","w":"109","x":"1599","y":"550","zOrder":"78"},{"ID":"85","h":"36","measuredH":"27","measuredW":"288","properties":{"size":"18","text":"Channel = number of Perception"},"typeID":"Button","w":"285","x":"1728","y":"545","zOrder":"79"},{"ID":"86","h":"33","measuredH":"27","measuredW":"75","properties":{"size":"18","text":"DCNN"},"typeID":"Button","w":"74","x":"1599","y":"589","zOrder":"80"},{"ID":"87","h":"36","measuredH":"27","measuredW":"74","properties":{"size":"18","text":"NNLM"},"typeID":"Button","w":"82","x":"1410","y":"1037","zOrder":"81"},{"ID":"88","h":"90","measuredH":"140","measuredW":"180","properties":{"direction":"right","text":" "},"typeID":"VCurly","w":"30","x":"1570","y":"687","zOrder":"82"},{"ID":"89","h":"72","measuredH":"71","measuredW":"26","properties":{"curvature":"1","direction":"top","leftArrow":"false","p0":{"x":26,"y":71},"p1":{"x":0.3188050930460333,"y":0.2668952007835456},"p2":{"x":10,"y":0},"rightArrow":"false","shape":"bezier","stroke":"solid","text":""},"typeID":"Arrow","w":"27","x":"1560","y":"667","zOrder":"83"},{"ID":"90","h":"33","measuredH":"27","measuredW":"221","properties":{"size":"18","text":"Syntatically-Untied RNN"},"typeID":"Button","w":"240","x":"1603","y":"676","zOrder":"84"},{"ID":"91","h":"33","measuredH":"27","measuredW":"73","properties":{"size":"18","text":"RNTN"},"typeID":"Button","w":"89","x":"1603","y":"713","zOrder":"85"},{"ID":"94","h":"33","measuredH":"27","measuredW":"177","properties":{"size":"18","text":"Matrix-Vector RNN"},"typeID":"Button","w":"173","x":"1604","y":"751","zOrder":"86"},{"ID":"95","h":"36","measuredH":"27","measuredW":"184","properties":{"size":"18","text":"Katz-Backoff Model"},"typeID":"Button","w":"181","x":"1353","y":"249","zOrder":"87"},{"ID":"96","h":"68","measuredH":"140","measuredW":"180","properties":{"direction":"left","text":" "},"typeID":"VCurly","w":"30","x":"1401","y":"323","zOrder":"88"},{"ID":"97","h":"36","measuredH":"27","measuredW":"157","properties":{"size":"18","text":"Teacher Forcing"},"typeID":"Button","w":"172","x":"1223","y":"319","zOrder":"89"},{"ID":"98","h":"36","measuredH":"27","measuredW":"195","properties":{"size":"18","text":"Non-Teacher Forcing"},"typeID":"Button","w":"195","x":"1201","y":"360","zOrder":"90"},{"ID":"99","h":"36","measuredH":"27","measuredW":"172","properties":{"size":"18","text":"Bi-directional RNN"},"typeID":"Button","w":"180","x":"1657","y":"249","zOrder":"91"},{"ID":"100","h":"37","measuredH":"36","measuredW":"53","properties":{"curvature":"-1","direction":"bottom","leftArrow":"false","p0":{"x":0,"y":36},"p1":{"x":0.469183922046285,"y":0.19074299634591962},"p2":{"x":53,"y":0},"rightArrow":"false","shape":"bezier","stroke":"solid","text":""},"typeID":"Arrow","w":"54","x":"1605","y":"264","zOrder":"92"},{"ID":"101","h":"3","measuredH":"2","measuredW":"28","properties":{"curvature":"1","direction":"top","leftArrow":"false","p0":{"x":0,"y":1,"length":1},"p1":{"x":0.45033407572383133,"y":0.02761692650334073,"length":0.4511800908589921},"p2":{"x":28,"y":2,"length":28.071337695236398},"rightArrow":"false","shape":"bezier","stroke":"solid","text":""},"typeID":"Arrow","w":"29","x":"1836","y":"266","zOrder":"93"},{"ID":"102","h":"36","measuredH":"27","measuredW":"110","properties":{"size":"18","text":"Deep RNN"},"typeID":"Button","w":"114","x":"1861","y":"249","zOrder":"94"},{"ID":"103","h":"35","measuredH":"27","measuredW":"63","properties":{"size":"18","text":"Task"},"typeID":"Button","w":"71","x":"2047","y":"534","zOrder":"95"},{"ID":"104","h":"118","measuredH":"117","measuredW":"7","properties":{"curvature":"-1","direction":"bottom","leftArrow":"false","p0":{"x":2,"y":117},"p1":{"x":0.4503340757238313,"y":0.027616926503340737},"p2":{"x":7,"y":0},"rightArrow":"false","shape":"bezier","stroke":"solid","text":""},"typeID":"Arrow","w":"8","x":"1920","y":"685","zOrder":"96"},{"ID":"105","h":"36","measuredH":"27","measuredW":"183","properties":{"size":"18","text":"OOV Problem Slove"},"typeID":"Button","w":"195","x":"2207","y":"587","zOrder":"97"},{"ID":"106","h":"35","measuredH":"27","measuredW":"141","properties":{"size":"18","text":"Source-Target"},"typeID":"Button","w":"148","x":"2047","y":"586","zOrder":"98"},{"ID":"107","h":"64","measuredH":"140","measuredW":"180","properties":{"direction":"right","text":" "},"typeID":"VCurly","w":"30","x":"2047","y":"436","zOrder":"99"},{"ID":"108","h":"27","measuredH":"26","measuredW":"6","properties":{"curvature":"-1","direction":"bottom","leftArrow":"false","p0":{"x":0,"y":26},"p1":{"x":0.4503340757238312,"y":0.02761692650334074},"p2":{"x":6,"y":0},"rightArrow":"false","shape":"bezier","stroke":"solid","text":""},"typeID":"Arrow","w":"7","x":"2058","y":"619","zOrder":"100"},{"ID":"109","h":"35","measuredH":"27","measuredW":"73","properties":{"size":"18","text":"Model"},"typeID":"Button","w":"80","x":"2128","y":"649","zOrder":"101"},{"ID":"110","h":"2","measuredH":"1","measuredW":"11","properties":{"curvature":"1","direction":"top","leftArrow":"false","p0":{"x":0,"y":1},"p1":{"x":0.45033407572383133,"y":0.02761692650334073},"p2":{"x":11,"y":1},"rightArrow":"false","shape":"bezier","stroke":"solid","text":""},"typeID":"Arrow","w":"12","x":"2116","y":"666","zOrder":"102"},{"ID":"111","h":"35","measuredH":"27","measuredW":"288","properties":{"size":"18","text":"Subword Tokenizing based NMT"},"typeID":"Button","w":"289","x":"2279","y":"493","zOrder":"103"},{"ID":"112","h":"19","measuredH":"18","measuredW":"2","properties":{"curvature":"-1","direction":"bottom","leftArrow":"false","p0":{"x":1,"y":18,"length":18.027756377319946},"p1":{"x":0.4503340757238312,"y":0.027616926503340737,"length":0.45118009085899197},"p2":{"x":2,"y":0,"length":2},"rightArrow":"false","shape":"bezier","stroke":"solid","text":""},"typeID":"Arrow","w":"3","x":"2070","y":"569","zOrder":"104"},{"ID":"113","h":"69","measuredH":"68","measuredW":"17","properties":{"curvature":"-1","direction":"bottom","leftArrow":"false","p0":{"x":15,"y":68},"p1":{"x":0.7870487106017192,"y":0.24137535816618913},"p2":{"x":17,"y":1},"rightArrow":"false","shape":"bezier","stroke":"solid","text":""},"typeID":"Arrow","w":"18","x":"2047","y":"465","zOrder":"105"},{"ID":"114","h":"64","measuredH":"140","measuredW":"180","properties":{"direction":"right","text":" "},"typeID":"VCurly","w":"30","x":"2246","y":"502","zOrder":"106"},{"ID":"115","h":"57","measuredH":"56","measuredW":"19","properties":{"curvature":"-1","direction":"bottom","leftArrow":"false","p0":{"x":4,"y":56},"p1":{"x":0.6408806902707528,"y":0.20737875632252306},"p2":{"x":19,"y":0},"rightArrow":"false","shape":"bezier","stroke":"solid","text":""},"typeID":"Arrow","w":"20","x":"2244","y":"532","zOrder":"107"},{"ID":"116","h":"2","measuredH":"1","measuredW":"14","properties":{"curvature":"1","direction":"top","leftArrow":"false","p0":{"x":0,"y":1,"length":1},"p1":{"x":0.4503340757238312,"y":0.027616926503340723,"length":0.45118009085899197},"p2":{"x":14,"y":1,"length":14.035668847618199},"rightArrow":"false","shape":"bezier","stroke":"solid","text":""},"typeID":"Arrow","w":"15","x":"2195","y":"604","zOrder":"108"},{"ID":"117","h":"36","measuredH":"27","measuredW":"102","properties":{"size":"18","text":"Seq2Seq"},"typeID":"Button","w":"98","x":"2249","y":"646","zOrder":"109"},{"ID":"118","h":"261","measuredH":"140","measuredW":"180","properties":{"direction":"right","text":" "},"typeID":"VCurly","w":"30","x":"2216","y":"660","zOrder":"110"},{"ID":"120","h":"36","measuredH":"27","measuredW":"194","properties":{"color":"15374745","size":"18","text":"Attention Mechanism"},"typeID":"Button","w":"205","x":"2272","y":"689","zOrder":"111"},{"ID":"121","h":"113","measuredH":"112","measuredW":"69","properties":{"curvature":"1","direction":"top","leftArrow":"false","p0":{"x":69,"y":112},"p1":{"x":0.5000989119683482,"y":0.08130563798219585},"p2":{"x":0,"y":0},"rightArrow":"false","shape":"bezier","stroke":"solid","text":""},"typeID":"Arrow","w":"70","x":"2164","y":"681","zOrder":"112"},{"ID":"122","h":"36","measuredH":"27","measuredW":"149","properties":{"size":"18","text":"Context Vector"},"typeID":"Button","w":"144","x":"2495","y":"613","zOrder":"113"},{"ID":"123","h":"36","measuredH":"27","measuredW":"161","properties":{"size":"18","text":"Alignment Model"},"typeID":"Button","w":"163","x":"2495","y":"654","zOrder":"114"},{"ID":"124","h":"36","measuredH":"27","measuredW":"70","properties":{"size":"18","text":"ELMo"},"typeID":"Button","w":"76","x":"2104","y":"1063","zOrder":"115"},{"ID":"125","h":"36","measuredH":"27","measuredW":"68","properties":{"size":"18","text":"CoVe"},"typeID":"Button","w":"67","x":"2104","y":"1022","zOrder":"116"},{"ID":"126","h":"36","measuredH":"27","measuredW":"76","properties":{"size":"18","text":"Query"},"typeID":"Button","w":"82","x":"2497","y":"695","zOrder":"117"},{"ID":"127","h":"36","measuredH":"27","measuredW":"56","properties":{"size":"18","text":"Key"},"typeID":"Button","w":"56","x":"2497","y":"738","zOrder":"118"},{"ID":"128","h":"36","measuredH":"27","measuredW":"68","properties":{"size":"18","text":"Value"},"typeID":"Button","w":"62","x":"2563","y":"739","zOrder":"119"},{"ID":"129","h":"145","measuredH":"140","measuredW":"180","properties":{"direction":"right","text":" "},"typeID":"VCurly","w":"30","x":"2463","y":"619","zOrder":"120"},{"ID":"130","h":"52","measuredH":"48","measuredW":"179","properties":{"size":"18","text":"Seq2Seq\\nbased on Attention"},"typeID":"Button","w":"124","x":"2251","y":"732","zOrder":"121"},{"ID":"131","h":"101","measuredH":"140","measuredW":"180","properties":{"direction":"right","text":" "},"typeID":"VCurly","w":"30","x":"2071","y":"1025","zOrder":"122"},{"ID":"132","h":"102","measuredH":"101","measuredW":"26","properties":{"curvature":"1","direction":"top","leftArrow":"false","p0":{"x":26,"y":101},"p1":{"x":0.5000989119683482,"y":0.08130563798219581},"p2":{"x":1,"y":0},"rightArrow":"false","shape":"bezier","stroke":"solid","text":""},"typeID":"Arrow","w":"27","x":"1985","y":"858","zOrder":"123"},{"ID":"133","h":"36","measuredH":"27","measuredW":"134","properties":{"size":"18","text":"Skip-Thought"},"typeID":"Button","w":"140","x":"2252","y":"794","zOrder":"124"},{"ID":"134","h":"36","measuredH":"27","measuredW":"124","properties":{"color":"14706278","size":"18","text":"Transformer"},"typeID":"Button","w":"124","x":"2252","y":"841","zOrder":"125"},{"ID":"135","h":"107","measuredH":"140","measuredW":"180","properties":{"direction":"right","text":" "},"typeID":"VCurly","w":"30","x":"2316","y":"338","zOrder":"126"},{"ID":"136","h":"104","measuredH":"103","measuredW":"32","properties":{"curvature":"-1","direction":"bottom","leftArrow":"false","p0":{"x":8,"y":103},"p1":{"x":0.6408806902707528,"y":0.20737875632252303},"p2":{"x":32,"y":0},"rightArrow":"false","shape":"bezier","stroke":"solid","text":""},"typeID":"Arrow","w":"33","x":"2300","y":"391","zOrder":"127"},{"ID":"137","h":"35","measuredH":"27","measuredW":"180","properties":{"size":"18","text":"Byte Pair Encoding"},"typeID":"Button","w":"184","x":"2346","y":"320","zOrder":"128"},{"ID":"138","h":"35","measuredH":"27","measuredW":"170","properties":{"size":"18","text":"Word Piece Model"},"typeID":"Button","w":"170","x":"2348","y":"365","zOrder":"129"},{"ID":"139","h":"35","measuredH":"27","measuredW":"218","properties":{"size":"18","text":"Subword Regularization"},"typeID":"Button","w":"217","x":"2346","y":"409","zOrder":"130"},{"ID":"140","h":"35","measuredH":"27","measuredW":"167","properties":{"size":"18","text":"Based Frequency"},"typeID":"Button","w":"157","x":"2534","y":"320","zOrder":"131"},{"ID":"141","h":"35","measuredH":"27","measuredW":"160","properties":{"size":"18","text":"Based Likelihood"},"typeID":"Button","w":"163","x":"2522","y":"365","zOrder":"132"},{"ID":"142","h":"35","measuredH":"27","measuredW":"132","properties":{"size":"18","text":"EM Algorithm"},"typeID":"Button","w":"124","x":"2568","y":"409","zOrder":"133"},{"ID":"143","h":"35","measuredH":"27","measuredW":"217","properties":{"size":"18","text":"Google Sentence Piece"},"typeID":"Button","w":"220","x":"2584","y":"449","zOrder":"134"},{"ID":"144","h":"36","measuredH":"27","measuredW":"137","properties":{"color":"16370588","size":"18","text":"Self-Attention"},"typeID":"Button","w":"135","x":"2426","y":"786","zOrder":"135"},{"ID":"145","h":"174","measuredH":"140","measuredW":"180","properties":{"direction":"right","text":" "},"typeID":"VCurly","w":"30","x":"2395","y":"808","zOrder":"136"},{"ID":"146","h":"36","measuredH":"27","measuredW":"184","properties":{"size":"18","text":"Positional Encoding"},"typeID":"Button","w":"179","x":"2426","y":"828","zOrder":"137"},{"ID":"147","h":"36","measuredH":"27","measuredW":"167","properties":{"size":"18","text":"Sinusoid Function"},"typeID":"Button","w":"156","x":"2612","y":"828","zOrder":"138"},{"ID":"148","h":"32","measuredH":"31","measuredW":"38","properties":{"curvature":"1","direction":"top","leftArrow":"false","p0":{"x":38,"y":31},"p1":{"x":0.5000989119683481,"y":0.0813056379821958},"p2":{"x":0,"y":0},"rightArrow":"false","shape":"bezier","stroke":"solid","text":""},"typeID":"Arrow","w":"39","x":"2375","y":"860","zOrder":"139"},{"ID":"149","h":"82","measuredH":"70","measuredW":"138","properties":{"size":"18","text":"Unsupervised\\nMachine\\nTranslation"},"typeID":"Button","w":"124","x":"2252","y":"893","zOrder":"140"},{"ID":"150","h":"36","measuredH":"27","measuredW":"231","properties":{"size":"18","text":"Poswise FeedForwardNet"},"typeID":"Button","w":"233","x":"2426","y":"869","zOrder":"141"},{"ID":"152","h":"36","measuredH":"27","measuredW":"205","properties":{"size":"18","text":"Universal Transformer"},"typeID":"Button","w":"213","x":"2216","y":"1358","zOrder":"142"},{"ID":"153","h":"36","measuredH":"27","measuredW":"204","properties":{"size":"18","text":"Inductive Bias of RNN"},"typeID":"Button","w":"197","x":"2437","y":"1358","zOrder":"143"},{"ID":"154","h":"36","measuredH":"27","measuredW":"233","properties":{"size":"18","text":"Pretrained for Embedding"},"typeID":"Button","w":"244","x":"2339","y":"1065","zOrder":"144"},{"ID":"155","h":"64","measuredH":"63","measuredW":"39","properties":{"curvature":"1","direction":"top","leftArrow":"false","p0":{"x":39,"y":63},"p1":{"x":0.5000989119683482,"y":0.08130563798219581},"p2":{"x":0,"y":0},"rightArrow":"false","shape":"bezier","stroke":"solid","text":""},"typeID":"Arrow","w":"40","x":"2048","y":"1015","zOrder":"145"},{"ID":"156","h":"36","measuredH":"27","measuredW":"130","properties":{"size":"18","text":"OpenAI-GPT"},"typeID":"Button","w":"145","x":"2217","y":"1214","zOrder":"146"},{"ID":"157","h":"36","measuredH":"27","measuredW":"123","properties":{"size":"18","text":"P(wi | w1:i-1)"},"typeID":"Button","w":"122","x":"2369","y":"1214","zOrder":"147"},{"ID":"158","h":"323","measuredH":"140","measuredW":"180","properties":{"direction":"right","text":" "},"typeID":"VCurly","w":"30","x":"2181","y":"1173","zOrder":"148"},{"ID":"159","h":"36","measuredH":"27","measuredW":"70","properties":{"color":"15374745","size":"18","text":"BERT"},"typeID":"Button","w":"89","x":"2217","y":"1259","zOrder":"149"},{"ID":"160","h":"36","measuredH":"27","measuredW":"185","properties":{"size":"18","text":"Auxiliary Task Head"},"typeID":"Button","w":"186","x":"2500","y":"1214","zOrder":"150"},{"ID":"161","h":"36","measuredH":"27","measuredW":"235","properties":{"size":"18","text":"Masking Language Model"},"typeID":"Button","w":"236","x":"2338","y":"1264","zOrder":"151"},{"ID":"162","h":"36","measuredH":"27","measuredW":"259","properties":{"size":"18","text":"Next Sentence Predict(NSP)"},"typeID":"Button","w":"280","x":"2338","y":"1307","zOrder":"152"},{"ID":"163","h":"61","measuredH":"140","measuredW":"180","properties":{"direction":"right","text":" "},"typeID":"VCurly","w":"30","x":"2302","y":"1273","zOrder":"153"},{"ID":"164","h":"13","measuredH":"12","measuredW":"40","properties":{"curvature":"1","direction":"top","leftArrow":"false","p0":{"x":40,"y":12,"length":41.7612260356422},"p1":{"x":0.5000989119683483,"y":0.08130563798219584,"length":0.5066651048963385},"p2":{"x":0,"y":0,"length":0},"rightArrow":"false","shape":"bezier","stroke":"solid","text":""},"typeID":"Arrow","w":"41","x":"2277","y":"1292","zOrder":"154"},{"ID":"165","h":"36","measuredH":"27","measuredW":"205","properties":{"size":"18","text":"Pretraining-Finetuning"},"typeID":"Button","w":"231","x":"2444","y":"1111","zOrder":"155"},{"ID":"166","h":"36","measuredH":"27","measuredW":"173","properties":{"size":"18","text":"Deep Transformer"},"typeID":"Button","w":"170","x":"2217","y":"1169","zOrder":"156"},{"ID":"168","h":"36","measuredH":"27","measuredW":"142","properties":{"size":"18","text":"OpenAI-GPT2"},"typeID":"Button","w":"145","x":"2216","y":"1401","zOrder":"157"},{"ID":"169","h":"36","measuredH":"27","measuredW":"152","properties":{"size":"18","text":"Transformer XL"},"typeID":"Button","w":"145","x":"1909","y":"1250","zOrder":"158"},{"ID":"172","h":"121","measuredH":"140","measuredW":"180","properties":{"direction":"left","text":" "},"typeID":"VCurly","w":"30","x":"2060","y":"1205","zOrder":"159"},{"ID":"173","h":"175","measuredH":"174","measuredW":"52","properties":{"curvature":"1","direction":"top","leftArrow":"false","p0":{"x":52,"y":174},"p1":{"x":0.4503340757238314,"y":0.02761692650334074},"p2":{"x":0,"y":0},"rightArrow":"false","shape":"bezier","stroke":"solid","text":""},"typeID":"Arrow","w":"53","x":"2146","y":"1153","zOrder":"160"},{"ID":"174","h":"64","measuredH":"63","measuredW":"79","properties":{"curvature":"1","direction":"bottom","leftArrow":"false","p0":{"x":0,"y":63},"p1":{"x":0.44721998388396456,"y":-0.1925866236905721},"p2":{"x":79,"y":0},"rightArrow":"false","shape":"bezier","stroke":"solid","text":""},"typeID":"Arrow","w":"80","x":"2077","y":"1202","zOrder":"161"},{"ID":"175","h":"36","measuredH":"27","measuredW":"186","properties":{"size":"18","text":"Zero-Shot Learning"},"typeID":"Button","w":"186","x":"2369","y":"1401","zOrder":"162"},{"ID":"176","h":"36","measuredH":"27","measuredW":"396","properties":{"size":"18","text":"Segment-Level Recurrence with State Reuse"},"typeID":"Button","w":"390","x":"1512","y":"1250","zOrder":"163"},{"ID":"177","h":"36","measuredH":"27","measuredW":"76","properties":{"color":"15374745","size":"18","text":"XLNet"},"typeID":"Button","w":"88","x":"1966","y":"1296","zOrder":"164"},{"ID":"178","h":"36","measuredH":"27","measuredW":"234","properties":{"size":"18","text":"Transformer Based Model"},"typeID":"Button","w":"231","x":"2444","y":"1155","zOrder":"165"},{"ID":"179","h":"75","measuredH":"140","measuredW":"180","properties":{"direction":"right","text":" "},"typeID":"VCurly","w":"30","x":"2413","y":"1114","zOrder":"166"},{"ID":"180","h":"9","measuredH":"8","measuredW":"128","properties":{"curvature":"-1","direction":"top","leftArrow":"false","p0":{"x":128,"y":8},"p1":{"x":0.49319066147859925,"y":-0.016050583657587547},"p2":{"x":0,"y":0},"rightArrow":"false","shape":"bezier","stroke":"solid","text":""},"typeID":"Arrow","w":"129","x":"2302","y":"1146","zOrder":"167"},{"ID":"181","h":"36","measuredH":"27","measuredW":"522","properties":{"size":"18","text":"Two-Stream Self-Attention for Target-Aware Representations"},"typeID":"Button","w":"377","x":"1565","y":"1296","zOrder":"168"},{"ID":"182","h":"36","measuredH":"27","measuredW":"60","properties":{"size":"18","text":"CLS"},"typeID":"Button","w":"63","x":"2641","y":"1280","zOrder":"169"},{"ID":"183","h":"36","measuredH":"27","measuredW":"59","properties":{"size":"18","text":"SEP"},"typeID":"Button","w":"63","x":"2709","y":"1280","zOrder":"170"},{"ID":"184","h":"36","measuredH":"27","measuredW":"75","properties":{"size":"18","text":"MASK"},"typeID":"Button","w":"69","x":"2641","y":"1322","zOrder":"171"},{"ID":"185","h":"61","measuredH":"140","measuredW":"180","properties":{"direction":"right","text":" "},"typeID":"VCurly","w":"30","x":"2607","y":"1290","zOrder":"172"},{"ID":"186","h":"36","measuredH":"27","measuredW":"191","properties":{"size":"18","text":"Multi-Head Attention"},"typeID":"Button","w":"209","x":"2426","y":"911","zOrder":"173"},{"ID":"187","h":"36","measuredH":"27","measuredW":"253","properties":{"size":"18","text":"Scale-Dot Product Attention"},"typeID":"Button","w":"254","x":"2567","y":"785","zOrder":"174"},{"ID":"188","h":"36","measuredH":"27","measuredW":"147","properties":{"size":"18","text":"Not FineTuning"},"typeID":"Button","w":"150","x":"2561","y":"1401","zOrder":"175"},{"ID":"189","h":"36","measuredH":"27","measuredW":"259","properties":{"size":"18","text":"Masked Multi-Head Attention"},"typeID":"Button","w":"260","x":"2426","y":"954","zOrder":"176"},{"ID":"190","h":"36","measuredH":"27","measuredW":"254","properties":{"size":"18","text":"Relative Positional Encoding"},"typeID":"Button","w":"256","x":"1798","y":"1205","zOrder":"177"},{"ID":"191","h":"36","measuredH":"27","measuredW":"262","properties":{"size":"18","text":"Permutation Language Model"},"typeID":"Button","w":"270","x":"1674","y":"1338","zOrder":"178"},{"ID":"192","h":"36","measuredH":"27","measuredW":"297","properties":{"size":"18","text":"Segment Recurrence Mechanism"},"typeID":"Button","w":"306","x":"1639","y":"1381","zOrder":"179"},{"ID":"193","h":"121","measuredH":"140","measuredW":"180","properties":{"direction":"left","text":" "},"typeID":"VCurly","w":"30","x":"1947","y":"1298","zOrder":"180"},{"ID":"194","h":"30","measuredH":"29","measuredW":"40","properties":{"curvature":"1","direction":"bottom","leftArrow":"false","p0":{"x":0,"y":29},"p1":{"x":0.4472199838839646,"y":-0.1925866236905721},"p2":{"x":40,"y":0},"rightArrow":"false","shape":"bezier","stroke":"solid","text":""},"typeID":"Arrow","w":"41","x":"1959","y":"1331","zOrder":"181"},{"ID":"195","h":"79","measuredH":"140","measuredW":"180","properties":{"direction":"left","text":" "},"typeID":"VCurly","w":"30","x":"1544","y":"1307","zOrder":"182"},{"ID":"196","h":"36","measuredH":"27","measuredW":"155","properties":{"size":"18","text":"Content Stream"},"typeID":"Button","w":"167","x":"1372","y":"1306","zOrder":"183"},{"ID":"197","h":"36","measuredH":"27","measuredW":"141","properties":{"size":"18","text":"Query Stream"},"typeID":"Button","w":"144","x":"1395","y":"1349","zOrder":"184"},{"ID":"198","h":"20","measuredH":"19","measuredW":"27","properties":{"curvature":"1","direction":"bottom","leftArrow":"false","p0":{"x":0,"y":17},"p1":{"x":0.6100196463654224,"y":-0.3840864440078585},"p2":{"x":27,"y":0},"rightArrow":"false","shape":"bezier","stroke":"solid","text":""},"typeID":"Arrow","w":"28","x":"1555","y":"1331","zOrder":"185"},{"ID":"199","h":"36","measuredH":"27","measuredW":"150","properties":{"size":"18","text":"2 Layers LSTM"},"typeID":"Button","w":"147","x":"2187","y":"1065","zOrder":"186"},{"ID":"200","h":"36","measuredH":"27","measuredW":"99","properties":{"size":"18","text":"RoBERTa"},"typeID":"Button","w":"110","x":"2217","y":"1444","zOrder":"187"},{"ID":"201","h":"36","measuredH":"27","measuredW":"101","properties":{"size":"18","text":"Skip NSP"},"typeID":"Button","w":"115","x":"2333","y":"1444","zOrder":"188"},{"ID":"203","h":"36","measuredH":"27","measuredW":"110","properties":{"size":"18","text":"DistilBERT"},"typeID":"Button","w":"110","x":"2218","y":"1486","zOrder":"189"},{"ID":"204","h":"36","measuredH":"27","measuredW":"122","properties":{"size":"18","text":"Large Batch"},"typeID":"Button","w":"115","x":"2458","y":"1444","zOrder":"190"},{"ID":"206","h":"36","measuredH":"27","measuredW":"128","properties":{"size":"18","text":"lighter BERT"},"typeID":"Button","w":"124","x":"2334","y":"1486","zOrder":"191"}]},"measuredH":"1522","measuredW":"2821","mockupH":"1273","mockupW":"1780","version":"1.0"}}
