{"mockup":{"controls":{"control":[{"ID":"0","h":"32","measuredH":"28","measuredW":"230","properties":{"color":"13421772","size":"20","text":"Probability & Statistics"},"typeID":"Button","w":"230","x":"888","y":"624","zOrder":"1"},{"ID":"2","h":"29","measuredH":"27","measuredW":"69","properties":{"color":"16770457","menuIcon":"false","size":"18","text":"Basic"},"typeID":"Button","w":"69","x":"842","y":"731","zOrder":"2"},{"ID":"3","h":"80","measuredH":"79","measuredW":"91","properties":{"curvature":"-1","direction":"bottom","labelPosition":"5","leftArrow":"false","p0":{"x":91,"y":0,"length":91},"p1":{"x":0.39154757543083973,"y":0.09534382299568009,"length":0.40298876958198315},"p2":{"x":0,"y":79,"length":79},"rightArrow":"false","shape":"bezier","stroke":"solid"},"typeID":"Arrow","w":"92","x":"909","y":"655","zOrder":"3"},{"ID":"4","h":"29","measuredH":"27","measuredW":"88","properties":{"color":"16770457","menuIcon":"false","size":"18","text":"Baysian"},"typeID":"Button","w":"88","x":"925","y":"814","zOrder":"4"},{"ID":"5","h":"159","measuredH":"158","measuredW":"45","properties":{"curvature":"1","direction":"bottom","leftArrow":"false","p0":{"x":45,"y":0,"length":45},"p1":{"x":0.4676575360878659,"y":-0.04877556878045238,"length":0.47019424408390015},"p2":{"x":0,"y":158,"length":158},"rightArrow":"false","shape":"bezier"},"typeID":"Arrow","w":"46","x":"967","y":"655","zOrder":"5"},{"ID":"6","h":"74","measuredH":"73","measuredW":"40","properties":{"curvature":"1","direction":"top","leftArrow":"false","p0":{"x":0,"y":0,"length":0},"p1":{"x":0.34643023088485925,"y":0.12526721580634584,"length":0.3683826546226227},"p2":{"x":40,"y":72.986301369863,"length":83.22860198064404},"rightArrow":"false","shape":"bezier","stroke":"solid","text":""},"typeID":"Arrow","w":"41","x":"803","y":"669","zOrder":"6"},{"ID":"7","h":"29","measuredH":"27","measuredW":"144","properties":{"size":"18","text":"Sample Space"},"typeID":"Button","w":"144","x":"659","y":"655","zOrder":"7"},{"ID":"8","h":"29","measuredH":"27","measuredW":"160","properties":{"size":"18","text":"Random Variable"},"typeID":"Button","w":"160","x":"643","y":"704","zOrder":"8"},{"ID":"9","h":"29","measuredH":"27","measuredW":"206","properties":{"color":"15843890","size":"18","text":"Probability Distribution"},"typeID":"Button","w":"217","x":"586","y":"747","zOrder":"9"},{"ID":"10","h":"25","measuredH":"24","measuredW":"40","properties":{"curvature":"1","direction":"top","leftArrow":"false","p0":{"x":0,"y":2.0833333333333335,"length":2.0833333333333335},"p1":{"x":0.34353937879932256,"y":0.12906438119282918,"length":0.3669835408823022},"p2":{"x":40,"y":23.958333333333332,"length":46.626191524840536},"rightArrow":"false","shape":"bezier","stroke":"solid","text":""},"typeID":"Arrow","w":"41","x":"802","y":"718","zOrder":"0"},{"ID":"11","h":"23","measuredH":"22","measuredW":"40","properties":{"curvature":"1","direction":"bottom","leftArrow":"false","p0":{"x":0,"y":20.909090909090914,"length":20.909090909090914},"p1":{"x":0.4534279918864097,"y":-0.1847464503042596,"length":0.4896204598729165},"p2":{"x":40,"y":0,"length":40},"rightArrow":"false","shape":"bezier","stroke":"solid","text":""},"typeID":"Arrow","w":"41","x":"801","y":"743","zOrder":"10"},{"ID":"12","h":"29","measuredH":"27","measuredW":"128","properties":{"size":"18","text":"Independent"},"typeID":"Button","w":"134","x":"669","y":"788","zOrder":"11"},{"ID":"13","h":"29","measuredH":"27","measuredW":"101","properties":{"size":"18","text":"Gaussian"},"typeID":"Button","w":"111","x":"440","y":"573","zOrder":"12"},{"ID":"14","h":"29","measuredH":"27","measuredW":"93","properties":{"size":"18","text":"Bernoulli"},"typeID":"Button","w":"111","x":"440","y":"611","zOrder":"13"},{"ID":"15","h":"30","measuredH":"27","measuredW":"91","properties":{"size":"18","text":"Binomial"},"typeID":"Button","w":"111","x":"440","y":"652","zOrder":"14"},{"ID":"16","h":"30","measuredH":"27","measuredW":"117","properties":{"size":"18","text":"MultiNomial"},"typeID":"Button","w":"111","x":"440","y":"691","zOrder":"15"},{"ID":"17","h":"30","measuredH":"27","measuredW":"118","properties":{"size":"18","text":"Categorical"},"typeID":"Button","w":"111","x":"440","y":"731","zOrder":"16"},{"ID":"18","h":"30","measuredH":"27","measuredW":"90","properties":{"size":"18","text":"Dirichlet"},"typeID":"Button","w":"111","x":"440","y":"773","zOrder":"17"},{"ID":"19","h":"30","measuredH":"27","measuredW":"62","properties":{"size":"18","text":"Beta"},"typeID":"Button","w":"111","x":"440","y":"813","zOrder":"18"},{"ID":"20","h":"29","measuredH":"27","measuredW":"87","properties":{"size":"18","text":"Uniform"},"typeID":"Button","w":"111","x":"440","y":"534","zOrder":"19"},{"ID":"21","h":"30","measuredH":"27","measuredW":"88","properties":{"size":"18","text":"Gamma"},"typeID":"Button","w":"111","x":"440","y":"853","zOrder":"20"},{"ID":"22","h":"30","measuredH":"27","measuredW":"120","properties":{"size":"18","text":"Exponential"},"typeID":"Button","w":"111","x":"440","y":"893","zOrder":"21"},{"ID":"23","h":"30","measuredH":"27","measuredW":"87","properties":{"size":"18","text":"Poisson"},"typeID":"Button","w":"111","x":"440","y":"933","zOrder":"22"},{"ID":"24","h":"30","measuredH":"27","measuredW":"124","properties":{"size":"18","text":"Chi-squared"},"typeID":"Button","w":"111","x":"440","y":"972","zOrder":"23"},{"ID":"25","h":"30","measuredH":"27","measuredW":"103","properties":{"size":"18","text":"Student-t"},"typeID":"Button","w":"111","x":"440","y":"1016","zOrder":"24"},{"ID":"28","h":"496","measuredH":"140","measuredW":"180","properties":{"text":""},"typeID":"VCurly","w":"30","x":"556","y":"550","zOrder":"25"},{"ID":"29","h":"29","measuredH":"27","measuredW":"154","properties":{"size":"18","text":"Joint Probability"},"typeID":"Button","w":"144","x":"1041","y":"704","zOrder":"26"},{"ID":"30","h":"29","measuredH":"27","measuredW":"98","properties":{"size":"18","text":"Posterior"},"typeID":"Button","w":"93","x":"1041","y":"745","zOrder":"27"},{"ID":"31","h":"29","measuredH":"27","measuredW":"101","properties":{"size":"18","text":"Evidence"},"typeID":"Button","w":"93","x":"1041","y":"788","zOrder":"28"},{"ID":"32","h":"29","measuredH":"27","measuredW":"97","properties":{"size":"18","text":"likelihood"},"typeID":"Button","w":"93","x":"1041","y":"827","zOrder":"29"},{"ID":"33","h":"29","measuredH":"27","measuredW":"183","properties":{"size":"18","text":"Marginal Probability"},"typeID":"Button","w":"181","x":"1170","y":"827","zOrder":"30"},{"ID":"34","h":"45","measuredH":"48","measuredW":"168","properties":{"size":"18","text":"Class-Conditional\\nDensity"},"typeID":"Button","w":"171","x":"1102","y":"864","zOrder":"31"},{"ID":"35","h":"220","measuredH":"140","measuredW":"180","properties":{"direction":"right","text":" "},"typeID":"VCurly","w":"30","x":"1003","y":"713","zOrder":"32"},{"ID":"36","h":"2","measuredH":"1","measuredW":"36","properties":{"curvature":"0","direction":"bottom","leftArrow":"false","p0":{"x":0,"y":1,"length":1},"p1":{"x":0.45839311334289784,"y":-0.00789096126255381,"length":0.45846102738383543},"p2":{"x":36,"y":0,"length":36},"rightArrow":"false","shape":"bezier","stroke":"solid","text":""},"typeID":"Arrow","w":"37","x":"1135","y":"843","zOrder":"33"},{"ID":"37","h":"29","measuredH":"27","measuredW":"103","properties":{"size":"18","text":"Inference"},"typeID":"Button","w":"116","x":"1038","y":"916","zOrder":"34"},{"ID":"38","h":"29","measuredH":"27","measuredW":"103","properties":{"size":"18","text":"Estimator"},"typeID":"Button","w":"116","x":"951","y":"957","zOrder":"35"},{"ID":"39","h":"20","measuredH":"19","measuredW":"17","properties":{"curvature":"1","direction":"bottom","leftArrow":"false","p0":{"x":0,"y":19},"p1":{"x":0.5529305680793506,"y":-0.13742110009017133},"p2":{"x":17,"y":0},"rightArrow":"false","shape":"bezier","stroke":"solid","text":""},"typeID":"Arrow","w":"18","x":"1064","y":"942","zOrder":"36"},{"ID":"40","h":"29","measuredH":"27","measuredW":"62","properties":{"size":"18","text":"MAP"},"typeID":"Button","w":"61","x":"836","y":"995","zOrder":"37"},{"ID":"42","h":"29","measuredH":"27","measuredW":"108","properties":{"size":"18","text":"Conjucate"},"typeID":"Button","w":"105","x":"696","y":"827","zOrder":"38"},{"ID":"43","h":"29","measuredH":"27","measuredW":"61","properties":{"size":"18","text":"MLE"},"typeID":"Button","w":"61","x":"837","y":"1035","zOrder":"39"},{"ID":"44","measuredH":"23","measuredW":"126","properties":{"href":{"URL":"https://github.com/graykode"},"size":"15","text":"Github: @graykode"},"typeID":"Link","x":"1024","y":"659","zOrder":"40"},{"ID":"45","h":"29","measuredH":"27","measuredW":"116","properties":{"size":"18","text":"Basic Term"},"typeID":"Button","w":"119","x":"684","y":"613","zOrder":"41"},{"ID":"46","h":"29","measuredH":"27","measuredW":"115","properties":{"size":"18","text":"Expecation"},"typeID":"Button","w":"119","x":"738","y":"453","zOrder":"42"},{"ID":"47","h":"108","measuredH":"107","measuredW":"38","properties":{"curvature":"1","direction":"top","leftArrow":"false","p0":{"x":0,"y":0,"length":0},"p1":{"x":0.3464302308848593,"y":0.12526721580634578,"length":0.3683826546226227},"p2":{"x":38,"y":107,"length":113.54734695271397},"rightArrow":"false","shape":"bezier","stroke":"solid","text":""},"typeID":"Arrow","w":"39","x":"804","y":"632","zOrder":"43"},{"ID":"48","h":"29","measuredH":"27","measuredW":"69","properties":{"size":"18","text":"Mean"},"typeID":"Button","w":"65","x":"738","y":"491","zOrder":"44"},{"ID":"49","h":"29","measuredH":"27","measuredW":"95","properties":{"size":"18","text":"Variance"},"typeID":"Button","w":"104","x":"738","y":"528","zOrder":"45"},{"ID":"50","h":"29","measuredH":"27","measuredW":"116","properties":{"size":"18","text":"Covariance"},"typeID":"Button","w":"104","x":"738","y":"563","zOrder":"46"},{"ID":"51","h":"29","measuredH":"27","measuredW":"207","properties":{"size":"18","text":"Correlation Coefficient"},"typeID":"Button","w":"215","x":"865","y":"564","zOrder":"47"},{"ID":"52","h":"170","measuredH":"140","measuredW":"180","properties":{"direction":"right","text":""},"typeID":"VCurly","w":"30","x":"696","y":"420","zOrder":"48"},{"ID":"53","h":"110","measuredH":"109","measuredW":"37","properties":{"curvature":"1","direction":"bottom","leftArrow":"false","p0":{"x":37,"y":0,"length":37},"p1":{"x":0.3674439067311922,"y":-0.24126704795424556,"length":0.43957344440086155},"p2":{"x":13,"y":109,"length":109.77249200050075},"rightArrow":"false","shape":"bezier","stroke":"solid","text":""},"typeID":"Arrow","w":"38","x":"672","y":"504","zOrder":"49"},{"ID":"54","h":"2","measuredH":"1","measuredW":"23","properties":{"curvature":"0","direction":"top","leftArrow":"false","p0":{"x":0,"y":0,"length":0},"p1":{"x":0.4583931133428979,"y":-0.007890961262553802,"length":0.4584610273838355},"p2":{"x":23,"y":1,"length":23.021728866442675},"rightArrow":"false","shape":"bezier","stroke":"solid","text":""},"typeID":"Arrow","w":"24","x":"842","y":"577","zOrder":"50"},{"ID":"55","h":"92","measuredH":"140","measuredW":"180","properties":{"direction":"left","text":" "},"typeID":"VCurly","w":"30","x":"903","y":"975","zOrder":"51"},{"ID":"56","h":"29","measuredH":"27","measuredW":"175","properties":{"size":"18","text":"Bayesian Estimate"},"typeID":"Button","w":"176","x":"721","y":"957","zOrder":"52"},{"ID":"58","h":"50","measuredH":"49","measuredW":"17","properties":{"curvature":"1","direction":"top","leftArrow":"false","p0":{"x":17,"y":49},"p1":{"x":0.5126228560416265,"y":0.12449412218153787},"p2":{"x":1,"y":0},"rightArrow":"false","shape":"bezier","stroke":"solid","text":""},"typeID":"Arrow","w":"18","x":"1128","y":"942","zOrder":"53"},{"ID":"59","h":"29","measuredH":"27","measuredW":"108","properties":{"size":"18","text":"Variational"},"typeID":"Button","w":"116","x":"1075","y":"1072","zOrder":"54"},{"ID":"60","h":"51","measuredH":"48","measuredW":"123","properties":{"size":"18","text":"Mean Field\\nAprroximate"},"typeID":"Button","w":"137","x":"1151","y":"1117","zOrder":"55"},{"ID":"62","h":"44","measuredH":"43","measuredW":"52","properties":{"curvature":"1","direction":"bottom","leftArrow":"false","p0":{"x":0,"y":43,"length":43},"p1":{"x":0.45342799188640975,"y":-0.18474645030425965,"length":0.48962045987291664},"p2":{"x":52,"y":0,"length":52},"rightArrow":"false","shape":"bezier","stroke":"solid","text":""},"typeID":"Arrow","w":"53","x":"804","y":"760","zOrder":"56"},{"ID":"63","h":"80","measuredH":"79","measuredW":"60","properties":{"curvature":"1","direction":"bottom","leftArrow":"false","p0":{"x":0,"y":79,"length":79},"p1":{"x":0.4534279918864097,"y":-0.1847464503042596,"length":0.4896204598729165},"p2":{"x":60,"y":0,"length":60},"rightArrow":"false","shape":"bezier","stroke":"solid","text":""},"typeID":"Arrow","w":"61","x":"802","y":"760","zOrder":"57"},{"ID":"64","h":"51","measuredH":"48","measuredW":"142","properties":{"size":"18","text":"Minimize\\nCross-Entropy"},"typeID":"Button","w":"163","x":"659","y":"1035","zOrder":"58"},{"ID":"65","h":"8","measuredH":"7","measuredW":"17","properties":{"curvature":"1","direction":"bottom","leftArrow":"false","p0":{"x":0,"y":6,"length":6},"p1":{"x":0.45342799188640975,"y":-0.18474645030425962,"length":0.48962045987291664},"p2":{"x":17,"y":0,"length":17},"rightArrow":"false","shape":"bezier","stroke":"solid","text":""},"typeID":"Arrow","w":"18","x":"821","y":"1047","zOrder":"59"},{"ID":"66","h":"29","measuredH":"27","measuredW":"101","properties":{"color":"16770457","menuIcon":"false","size":"18","text":"Sampling"},"typeID":"Button","w":"93","x":"1039","y":"523","zOrder":"60"},{"ID":"67","h":"71","measuredH":"70","measuredW":"6","properties":{"curvature":"-1","direction":"bottom","leftArrow":"false","p0":{"x":2,"y":0,"length":2},"p1":{"x":0.5135977337110481,"y":0.07110481586402266,"length":0.5184964097389501},"p2":{"x":0,"y":70,"length":70},"rightArrow":"false","shape":"bezier"},"typeID":"Arrow","w":"7","x":"1101","y":"553","zOrder":"61"},{"ID":"69","h":"29","measuredH":"27","measuredW":"190","properties":{"size":"18","text":"Candidate Sampling"},"typeID":"Button","w":"187","x":"1058","y":"326","zOrder":"62"},{"ID":"71","h":"29","measuredH":"27","measuredW":"185","properties":{"size":"18","text":"Weight Decay Term"},"typeID":"Button","w":"177","x":"646","y":"995","zOrder":"63"},{"ID":"72","h":"4","measuredH":"3","measuredW":"14","properties":{"curvature":"-1","direction":"top","leftArrow":"false","p0":{"x":0,"y":0,"length":0},"p1":{"x":0.5173501577287064,"y":-0.022082018927444748,"length":0.5178212058827153},"p2":{"x":14,"y":3,"length":14.317821063276353},"rightArrow":"false","shape":"bezier","stroke":"solid","text":""},"typeID":"Arrow","w":"15","x":"822","y":"1009","zOrder":"64"},{"ID":"73","h":"29","measuredH":"27","measuredW":"146","properties":{"size":"18","text":"Latent Variable"},"typeID":"Button","w":"152","x":"612","y":"1096","zOrder":"65"},{"ID":"74","h":"30","measuredH":"27","measuredW":"132","properties":{"size":"18","text":"EM Algorithm"},"typeID":"Button","w":"139","x":"612","y":"1140","zOrder":"66"},{"ID":"75","h":"19","measuredH":"18","measuredW":"13","properties":{"curvature":"1","direction":"bottom","leftArrow":"false","p0":{"x":0,"y":18,"length":18},"p1":{"x":0.516822119146452,"y":-0.021528278662174303,"length":0.5172703061467822},"p2":{"x":13,"y":0,"length":13},"rightArrow":"false","shape":"bezier","stroke":"solid","text":""},"typeID":"Arrow","w":"14","x":"634","y":"1122","zOrder":"67"},{"ID":"76","h":"29","measuredH":"27","measuredW":"135","properties":{"size":"18","text":"Markov Chain"},"typeID":"Button","w":"138","x":"1058","y":"439","zOrder":"68"},{"ID":"77","h":"155","measuredH":"140","measuredW":"180","properties":{"direction":"right","text":""},"typeID":"VCurly","w":"30","x":"1024","y":"342","zOrder":"69"},{"ID":"78","h":"30","measuredH":"27","measuredW":"66","properties":{"size":"18","text":"GMM"},"typeID":"Button","w":"72","x":"424","y":"487","zOrder":"70"},{"ID":"79","h":"218","measuredH":"217","measuredW":"37","properties":{"curvature":"-1","direction":"top","leftArrow":"false","p0":{"x":23,"y":0,"length":23},"p1":{"x":0.37283932060724456,"y":-0.12483090335187134,"length":0.39318178165133233},"p2":{"x":37,"y":217,"length":220.1317787144782},"rightArrow":"false","shape":"bezier","stroke":"solid","text":""},"typeID":"Arrow","w":"38","x":"403","y":"515","zOrder":"71"},{"ID":"80","h":"60","measuredH":"59","measuredW":"17","properties":{"curvature":"-1","direction":"top","leftArrow":"false","p0":{"x":4,"y":0,"length":4},"p1":{"x":0.37283932060724484,"y":-0.1248309033518713,"length":0.39318178165133255},"p2":{"x":17,"y":59,"length":61.40032573203501},"rightArrow":"false","shape":"bezier","stroke":"solid","text":""},"typeID":"Arrow","w":"18","x":"423","y":"515","zOrder":"72"},{"ID":"81","h":"77","measuredH":"76","measuredW":"22","properties":{"curvature":"-1","direction":"bottom","leftArrow":"false","p0":{"x":6,"y":76,"length":76.23647421018367},"p1":{"x":0.5856808459116957,"y":0.17862620066187743,"length":0.6123147661380841},"p2":{"x":22,"y":0,"length":22},"rightArrow":"false","shape":"bezier","stroke":"solid","text":""},"typeID":"Arrow","w":"23","x":"628","y":"1021","zOrder":"73"},{"ID":"82","h":"41","measuredH":"40","measuredW":"16","properties":{"curvature":"-1","direction":"bottom","leftArrow":"false","p0":{"x":1,"y":40,"length":40.01249804748511},"p1":{"x":0.5856808459116957,"y":0.17862620066187737,"length":0.6123147661380841},"p2":{"x":16,"y":0,"length":16},"rightArrow":"false","shape":"bezier","stroke":"solid","text":""},"typeID":"Arrow","w":"17","x":"644","y":"1056","zOrder":"74"},{"ID":"83","h":"28","measuredH":"27","measuredW":"229","properties":{"size":"18","text":"Reparameterization Trick"},"typeID":"Button","w":"238","x":"845","y":"1117","zOrder":"75"},{"ID":"84","h":"30","measuredH":"27","measuredW":"132","properties":{"size":"18","text":"EM Algorithm"},"typeID":"Button","w":"139","x":"519","y":"487","zOrder":"76"},{"ID":"86","h":"2","measuredH":"1","measuredW":"22","properties":{"curvature":"0","direction":"bottom","leftArrow":"false","p0":{"x":0,"y":1,"length":1},"p1":{"x":0.5,"y":0,"length":0.5},"p2":{"x":22,"y":0,"length":22},"rightArrow":"false","shape":"bezier"},"typeID":"Arrow","w":"23","x":"497","y":"503","zOrder":"77"},{"ID":"87","h":"30","measuredH":"27","measuredW":"163","properties":{"size":"18","text":"Normalizing Flow"},"typeID":"Button","w":"151","x":"932","y":"1154","zOrder":"78"},{"ID":"88","h":"29","measuredH":"27","measuredW":"97","properties":{"size":"18","text":"Distance"},"typeID":"Button","w":"98","x":"738","y":"410","zOrder":"79"},{"ID":"89","h":"29","measuredH":"27","measuredW":"142","properties":{"size":"18","text":"Bias~trade off"},"typeID":"Button","w":"148","x":"866","y":"528","zOrder":"80"},{"ID":"90","h":"4","measuredH":"1","measuredW":"22","properties":{"curvature":"0","direction":"bottom","leftArrow":"false","p0":{"x":0,"y":1,"length":1},"p1":{"x":0.5,"y":0,"length":0.5},"p2":{"x":22,"y":0,"length":22},"rightArrow":"false","shape":"bezier"},"typeID":"Arrow","w":"25","x":"842","y":"540","zOrder":"81"},{"ID":"91","h":"29","measuredH":"27","measuredW":"103","properties":{"size":"18","text":"Euclidean"},"typeID":"Button","w":"98","x":"873","y":"349","zOrder":"82"},{"ID":"92","h":"98","measuredH":"97","measuredW":"33","properties":{"curvature":"-1","direction":"top","leftArrow":"false","p0":{"x":20,"y":0,"length":20},"p1":{"x":0.36744390673119226,"y":-0.24126704795424558,"length":0.4395734444008616},"p2":{"x":33,"y":97,"length":102.45974819410792},"rightArrow":"false","shape":"bezier","stroke":"solid","text":""},"typeID":"Arrow","w":"34","x":"1006","y":"428","zOrder":"83"},{"ID":"95","h":"67","measuredH":"66","measuredW":"37","properties":{"curvature":"1","direction":"bottom","leftArrow":"false","p0":{"x":0,"y":66,"length":66},"p1":{"x":0.5529305680793507,"y":-0.1374211000901712,"length":0.5697515001003036},"p2":{"x":37,"y":0,"length":37},"rightArrow":"false","shape":"bezier","stroke":"solid","text":""},"typeID":"Arrow","w":"38","x":"1085","y":"1101","zOrder":"84"},{"ID":"96","h":"33","measuredH":"32","measuredW":"37","properties":{"curvature":"1","direction":"bottom","leftArrow":"false","p0":{"x":0,"y":32,"length":32},"p1":{"x":0.5529305680793508,"y":-0.13742110009017136,"length":0.5697515001003038},"p2":{"x":37,"y":0,"length":37},"rightArrow":"false","shape":"bezier","stroke":"solid","text":""},"typeID":"Arrow","w":"38","x":"1083","y":"1101","zOrder":"85"},{"ID":"97","h":"29","measuredH":"27","measuredW":"126","properties":{"size":"18","text":"Mahalanobis"},"typeID":"Button","w":"122","x":"874","y":"388","zOrder":"86"},{"ID":"101","h":"29","measuredH":"27","measuredW":"177","properties":{"size":"18","text":"Negative Sampling"},"typeID":"Button","w":"186","x":"1058","y":"362","zOrder":"87"},{"ID":"102","h":"29","measuredH":"27","measuredW":"189","properties":{"size":"18","text":"Monte Carlo Method"},"typeID":"Button","w":"187","x":"1058","y":"401","zOrder":"88"},{"ID":"103","h":"29","measuredH":"27","measuredW":"71","properties":{"size":"18","text":"Gibbs"},"typeID":"Button","w":"75","x":"1058","y":"475","zOrder":"89"},{"ID":"104","h":"29","measuredH":"27","measuredW":"79","properties":{"size":"18","text":"MCMC"},"typeID":"Button","w":"75","x":"1230","y":"446","zOrder":"90"},{"ID":"105","h":"6","measuredH":"5","measuredW":"33","properties":{"curvature":"-1","direction":"top","leftArrow":"false","p0":{"x":33,"y":5,"length":33.37663853655727},"p1":{"x":0.40246045694200405,"y":-0.11159929701230227,"length":0.417646767610629},"p2":{"x":0,"y":4,"length":4},"rightArrow":"false","shape":"bezier"},"typeID":"Arrow","w":"34","x":"1196","y":"449","zOrder":"91"},{"ID":"106","h":"19","measuredH":"18","measuredW":"14","properties":{"curvature":"-1","direction":"top","leftArrow":"false","p0":{"x":14,"y":18,"length":22.80350850198276},"p1":{"x":0.40246045694200383,"y":-0.11159929701230227,"length":0.4176467676106288},"p2":{"x":0,"y":0,"length":0},"rightArrow":"false","shape":"bezier"},"typeID":"Arrow","w":"15","x":"1244","y":"428","zOrder":"92"},{"ID":"107","h":"51","measuredH":"48","measuredW":"116","properties":{"color":"16770457","menuIcon":"false","size":"18","text":"Information\\nTheory"},"typeID":"Button","w":"123","x":"1153","y":"530","zOrder":"93"},{"ID":"108","h":"29","measuredH":"27","measuredW":"144","properties":{"size":"18","text":"KL Divergence"},"typeID":"Button","w":"148","x":"1294","y":"502","zOrder":"94"},{"ID":"110","h":"29","measuredH":"27","measuredW":"141","properties":{"size":"18","text":"Cross Entropy"},"typeID":"Button","w":"148","x":"1294","y":"545","zOrder":"95"},{"ID":"111","h":"34","measuredH":"27","measuredW":"73","properties":{"color":"16770457","menuIcon":"false","size":"18","text":"Model"},"typeID":"Button","w":"78","x":"1179","y":"652","zOrder":"96"},{"ID":"112","h":"29","measuredH":"27","measuredW":"163","properties":{"size":"18","text":"Shannon Entropy"},"typeID":"Button","w":"148","x":"1294","y":"588","zOrder":"97"},{"ID":"113","h":"46","measuredH":"45","measuredW":"39","properties":{"curvature":"-1","direction":"bottom","labelPosition":"5","leftArrow":"false","p0":{"x":39,"y":0,"length":39},"p1":{"x":0.3915475754308399,"y":0.09534382299568006,"length":0.4029887695819833},"p2":{"x":0,"y":45,"length":45},"rightArrow":"false","shape":"bezier","stroke":"solid"},"typeID":"Arrow","w":"40","x":"1116","y":"579","zOrder":"98"},{"ID":"114","h":"26","measuredH":"25","measuredW":"64","properties":{"curvature":"1","direction":"top","labelPosition":"5","leftArrow":"false","p0":{"x":64,"y":25,"length":68.70953354520753},"p1":{"x":0.3915475754308397,"y":0.09534382299568003,"length":0.40298876958198304},"p2":{"x":0,"y":0,"length":0},"rightArrow":"false","shape":"bezier","stroke":"solid"},"typeID":"Arrow","w":"65","x":"1116","y":"637","zOrder":"99"},{"ID":"115","h":"29","measuredH":"27","measuredW":"138","properties":{"size":"18","text":"Discriminative"},"typeID":"Button","w":"148","x":"1278","y":"655","zOrder":"100"},{"ID":"116","h":"29","measuredH":"27","measuredW":"113","properties":{"size":"18","text":"Gerenative"},"typeID":"Button","w":"148","x":"1278","y":"702","zOrder":"101"},{"ID":"117","h":"116","measuredH":"140","measuredW":"180","properties":{"direction":"right","text":""},"typeID":"VCurly","w":"30","x":"1264","y":"501","zOrder":"102"},{"ID":"118","h":"29","measuredH":"27","measuredW":"135","properties":{"size":"18","text":"Unsupervisor"},"typeID":"Button","w":"137","x":"1384","y":"747","zOrder":"103"},{"ID":"119","h":"29","measuredH":"27","measuredW":"114","properties":{"size":"18","text":"Supervisor"},"typeID":"Button","w":"116","x":"1384","y":"788","zOrder":"104"},{"ID":"120","h":"25","measuredH":"24","measuredW":"27","properties":{"curvature":"1","direction":"top","labelPosition":"5","leftArrow":"false","p0":{"x":27,"y":24,"length":36.124783736376884},"p1":{"x":0.3915475754308398,"y":0.09534382299567995,"length":0.40298876958198315},"p2":{"x":0,"y":0,"length":0},"rightArrow":"false","shape":"bezier","stroke":"solid"},"typeID":"Arrow","w":"28","x":"1253","y":"685","zOrder":"105"},{"ID":"121","h":"3","measuredH":"2","measuredW":"24","properties":{"curvature":"1","direction":"top","labelPosition":"5","leftArrow":"false","p0":{"x":24,"y":1,"length":24.020824298928627},"p1":{"x":0.3915475754308397,"y":0.09534382299568002,"length":0.40298876958198304},"p2":{"x":0,"y":0,"length":0},"rightArrow":"false","shape":"bezier","stroke":"solid"},"typeID":"Arrow","w":"25","x":"1255","y":"671","zOrder":"106"},{"ID":"122","h":"57","measuredH":"140","measuredW":"180","properties":{"direction":"right","text":" "},"typeID":"VCurly","w":"30","x":"1351","y":"752","zOrder":"107"},{"ID":"123","h":"29","measuredH":"27","measuredW":"62","properties":{"size":"18","text":"GAN"},"typeID":"Button","w":"64","x":"1545","y":"760","zOrder":"108"},{"ID":"124","h":"29","measuredH":"27","measuredW":"57","properties":{"size":"18","text":"VAE"},"typeID":"Button","w":"64","x":"1545","y":"719","zOrder":"109"},{"ID":"125","h":"29","measuredH":"27","measuredW":"125","properties":{"size":"18","text":"Navie Bayes"},"typeID":"Button","w":"128","x":"1409","y":"835","zOrder":"110"},{"ID":"126","h":"29","measuredH":"27","measuredW":"257","properties":{"size":"18","text":"Linear Discriminant Analysis"},"typeID":"Button","w":"250","x":"1288","y":"872","zOrder":"111"},{"ID":"131","h":"33","measuredH":"32","measuredW":"25","properties":{"curvature":"1","direction":"top","labelPosition":"5","leftArrow":"false","p0":{"x":25,"y":32},"p1":{"x":0.425,"y":0.275},"p2":{"x":1,"y":0},"rightArrow":"false","shape":"bezier","stroke":"solid"},"typeID":"Arrow","w":"26","x":"1078","y":"856","zOrder":"112"},{"ID":"132","h":"29","measuredH":"27","measuredW":"114","properties":{"size":"18","text":"Overfitting"},"typeID":"Button","w":"125","x":"836","y":"1074","zOrder":"113"},{"ID":"134","h":"10","measuredH":"9","measuredW":"5","properties":{"curvature":"-1","direction":"top","leftArrow":"false","p0":{"x":1,"y":0,"length":1},"p1":{"x":0.3728393206072448,"y":-0.12483090335187132,"length":0.3931817816513325},"p2":{"x":5,"y":9,"length":10.295630140987},"rightArrow":"false","shape":"bezier","stroke":"solid","text":""},"typeID":"Arrow","w":"6","x":"881","y":"1064","zOrder":"114"},{"ID":"135","h":"29","measuredH":"27","measuredW":"83","properties":{"size":"18","text":"Median"},"typeID":"Button","w":"81","x":"823","y":"491","zOrder":"115"},{"ID":"136","h":"4","measuredH":"1","measuredW":"22","properties":{"curvature":"0","direction":"bottom","leftArrow":"false","p0":{"x":0,"y":1,"length":1},"p1":{"x":0.5,"y":0,"length":0.5},"p2":{"x":22,"y":0,"length":22},"rightArrow":"false","shape":"bezier"},"typeID":"Arrow","w":"25","x":"803","y":"503","zOrder":"116"},{"ID":"137","h":"50","measuredH":"49","measuredW":"48","properties":{"curvature":"1","direction":"top","labelPosition":"5","leftArrow":"false","p0":{"x":48,"y":49,"length":68.59300255857006},"p1":{"x":0.3915475754308398,"y":0.09534382299568016,"length":0.4029887695819832},"p2":{"x":0,"y":0,"length":0},"rightArrow":"false","shape":"bezier","stroke":"solid"},"typeID":"Arrow","w":"49","x":"1317","y":"731","zOrder":"117"},{"ID":"138","h":"24","measuredH":"22","measuredW":"40","properties":{"curvature":"1","direction":"bottom","leftArrow":"false","p0":{"x":0,"y":21,"length":21},"p1":{"x":0.45342799188640975,"y":-0.1847464503042595,"length":0.4896204598729166},"p2":{"x":40,"y":0,"length":40},"rightArrow":"false","shape":"bezier","stroke":"solid","text":""},"typeID":"Arrow","w":"42","x":"570","y":"776","zOrder":"118"},{"ID":"139","h":"29","measuredH":"27","measuredW":"58","properties":{"size":"18","text":"PDF"},"typeID":"Button","w":"66","x":"577","y":"827","zOrder":"119"},{"ID":"140","h":"29","measuredH":"27","measuredW":"60","properties":{"size":"18","text":"CDF"},"typeID":"Button","w":"66","x":"576","y":"868","zOrder":"120"},{"ID":"141","h":"53","measuredH":"52","measuredW":"14","properties":{"curvature":"1","direction":"bottom","leftArrow":"false","p0":{"x":0,"y":52,"length":52},"p1":{"x":0.4534279918864098,"y":-0.18474645030425954,"length":0.48962045987291664},"p2":{"x":9,"y":0,"length":9},"rightArrow":"false","shape":"bezier","stroke":"solid","text":""},"typeID":"Arrow","w":"15","x":"639","y":"776","zOrder":"121"},{"ID":"142","h":"99","measuredH":"98","measuredW":"22","properties":{"curvature":"1","direction":"bottom","leftArrow":"false","p0":{"x":0,"y":98,"length":98},"p1":{"x":0.45342799188640975,"y":-0.18474645030425949,"length":0.4896204598729166},"p2":{"x":9,"y":0,"length":9},"rightArrow":"false","shape":"bezier","stroke":"solid","text":""},"typeID":"Arrow","w":"23","x":"642","y":"772","zOrder":"122"},{"ID":"143","h":"30","measuredH":"27","measuredW":"73","properties":{"size":"18","text":"t-SNE"},"typeID":"Button","w":"89","x":"335","y":"1016","zOrder":"123"},{"ID":"144","h":"4","measuredH":"3","measuredW":"17","properties":{"curvature":"-1","direction":"top","leftArrow":"false","p0":{"x":17,"y":3,"length":17.26267650163207},"p1":{"x":0.40246045694200344,"y":-0.11159929701230226,"length":0.4176467676106284},"p2":{"x":0,"y":2,"length":2},"rightArrow":"false","shape":"bezier"},"typeID":"Arrow","w":"18","x":"424","y":"1025","zOrder":"124"},{"ID":"145","h":"67","measuredH":"140","measuredW":"180","properties":{"direction":"right","text":""},"typeID":"VCurly","w":"30","x":"1512","y":"722","zOrder":"125"},{"ID":"146","h":"92","measuredH":"140","measuredW":"180","properties":{"direction":"left","text":""},"typeID":"VCurly","w":"24","x":"1541","y":"844","zOrder":"126"},{"ID":"147","h":"89","measuredH":"88","measuredW":"72","properties":{"curvature":"-1","direction":"top","labelPosition":"5","leftArrow":"false","p0":{"x":56,"y":88},"p1":{"x":0.38823529411764707,"y":-0.3720588235294118},"p2":{"x":0,"y":0},"rightArrow":"false","shape":"bezier","stroke":"solid"},"typeID":"Arrow","w":"73","x":"1500","y":"801","zOrder":"127"},{"ID":"148","h":"29","measuredH":"27","measuredW":"174","properties":{"size":"18","text":"Linear Regression"},"typeID":"Button","w":"185","x":"1458","y":"656","zOrder":"128"},{"ID":"149","h":"7","measuredH":"6","measuredW":"32","properties":{"curvature":"-1","direction":"bottom","labelPosition":"5","leftArrow":"false","p0":{"x":32,"y":0,"length":32},"p1":{"x":0.3915475754308396,"y":0.09534382299568012,"length":0.40298876958198304},"p2":{"x":0,"y":6,"length":6},"rightArrow":"false","shape":"bezier","stroke":"solid"},"typeID":"Arrow","w":"33","x":"1426","y":"666","zOrder":"129"},{"ID":"150","h":"29","measuredH":"27","measuredW":"184","properties":{"size":"18","text":"Logistic Regression"},"typeID":"Button","w":"177","x":"1361","y":"910","zOrder":"130"},{"ID":"167","h":"30","measuredH":"27","measuredW":"205","properties":{"size":"18","text":"Central Limit Theorem"},"typeID":"Button","w":"204","x":"347","y":"1062","zOrder":"131"},{"ID":"168","h":"29","measuredH":"27","measuredW":"197","properties":{"size":"18","text":"Statistical Estimation"},"typeID":"Button","w":"207","x":"780","y":"903","zOrder":"132"},{"ID":"169","h":"48","measuredH":"48","measuredW":"103","properties":{"size":"18","text":"Baysian\\nInference"},"typeID":"Button","w":"131","x":"1101","y":"992","zOrder":"133"},{"ID":"171","h":"13","measuredH":"12","measuredW":"44","properties":{"curvature":"-1","direction":"top","leftArrow":"false","p0":{"x":44,"y":12},"p1":{"x":0.5529305680793507,"y":-0.13742110009017125},"p2":{"x":0,"y":4},"rightArrow":"false","shape":"bezier","stroke":"solid","text":""},"typeID":"Arrow","w":"45","x":"1151","y":"919","zOrder":"134"},{"ID":"173","h":"58","measuredH":"48","measuredW":"109","properties":{"color":"11982760","size":"18","text":"Parameter\\nEstimator"},"typeID":"Button","w":"116","x":"925","y":"1002","zOrder":"135"},{"ID":"174","h":"17","measuredH":"16","measuredW":"5","properties":{"curvature":"1","direction":"bottom","leftArrow":"false","p0":{"x":0,"y":16},"p1":{"x":0.5529305680793507,"y":-0.13742110009017125},"p2":{"x":5,"y":0},"rightArrow":"false","shape":"bezier","stroke":"solid","text":""},"typeID":"Arrow","w":"6","x":"989","y":"986","zOrder":"136"},{"ID":"175","h":"56","measuredH":"48","measuredW":"115","properties":{"size":"18","text":"Statistical\\nHypothesis"},"typeID":"Button","w":"116","x":"1196","y":"920","zOrder":"137"},{"ID":"176","h":"33","measuredH":"32","measuredW":"18","properties":{"curvature":"-1","direction":"top","leftArrow":"false","p0":{"x":18,"y":32},"p1":{"x":0.5529305680793508,"y":-0.13742110009017136},"p2":{"x":0,"y":0},"rightArrow":"false","shape":"bezier","stroke":"solid","text":""},"typeID":"Arrow","w":"19","x":"985","y":"926","zOrder":"138"},{"ID":"179","h":"29","measuredH":"27","measuredW":"110","properties":{"size":"18","text":"Manhattan"},"typeID":"Button","w":"98","x":"874","y":"310","zOrder":"139"},{"ID":"181","h":"30","measuredH":"27","measuredW":"73","properties":{"size":"18","text":"T-test"},"typeID":"Button","w":"84","x":"1346","y":"963","zOrder":"140"},{"ID":"182","h":"10","measuredH":"9","measuredW":"31","properties":{"curvature":"-1","direction":"top","leftArrow":"false","p0":{"x":0,"y":0,"length":0},"p1":{"x":0.5649112214526268,"y":-0.16936092080358586,"length":0.5897523290488451},"p2":{"x":31,"y":6.25,"length":31.62376479801227},"rightArrow":"false","shape":"bezier","stroke":"solid","text":""},"typeID":"Arrow","w":"32","x":"1314","y":"974","zOrder":"141"},{"ID":"183","h":"33","measuredH":"32","measuredW":"5","properties":{"curvature":"1","direction":"bottom","leftArrow":"false","p0":{"x":0,"y":32,"length":32},"p1":{"x":0.5529305680793507,"y":-0.13742110009017125,"length":0.5697515001003036},"p2":{"x":2,"y":0,"length":2},"rightArrow":"false","shape":"bezier","stroke":"solid","text":""},"typeID":"Arrow","w":"6","x":"1137","y":"1038","zOrder":"142"},{"ID":"185","h":"19","measuredH":"18","measuredW":"5","properties":{"curvature":"-1","direction":"top","leftArrow":"false","p0":{"x":3,"y":0,"length":3},"p1":{"x":0.5649112214526267,"y":-0.16936092080358583,"length":0.589752329048845},"p2":{"x":5,"y":18,"length":18.681541692269406},"rightArrow":"false","shape":"bezier","stroke":"solid","text":""},"typeID":"Arrow","w":"6","x":"1157","y":"1100","zOrder":"143"},{"ID":"186","h":"33","measuredH":"27","measuredW":"176","properties":{"size":"18","text":"degree of freedom"},"typeID":"Button","w":"182","x":"347","y":"1102","zOrder":"144"},{"ID":"187","h":"30","measuredH":"27","measuredW":"82","properties":{"size":"18","text":"ANOVA"},"typeID":"Button","w":"84","x":"1348","y":"1006","zOrder":"145"},{"ID":"188","h":"47","measuredH":"46","measuredW":"42","properties":{"curvature":"-1","direction":"top","leftArrow":"false","p0":{"x":0,"y":0},"p1":{"x":0.5649112214526268,"y":-0.16936092080358586},"p2":{"x":42,"y":46},"rightArrow":"false","shape":"bezier","stroke":"solid","text":""},"typeID":"Arrow","w":"43","x":"1309","y":"973","zOrder":"146"},{"ID":"189","h":"30","measuredH":"27","measuredW":"107","properties":{"size":"18","text":"Bonferroni"},"typeID":"Button","w":"100","x":"1403","y":"1045","zOrder":"147"},{"ID":"190","h":"30","measuredH":"27","measuredW":"59","properties":{"size":"18","text":"FDR"},"typeID":"Button","w":"60","x":"1403","y":"1082","zOrder":"148"},{"ID":"191","h":"54","measuredH":"140","measuredW":"180","properties":{"direction":"right","text":""},"typeID":"VCurly","w":"30","x":"1366","y":"1053","zOrder":"149"},{"ID":"192","h":"49","measuredH":"48","measuredW":"10","properties":{"curvature":"1","direction":"top","labelPosition":"5","leftArrow":"false","p0":{"x":10,"y":48},"p1":{"x":0.3915475754308398,"y":0.09534382299568016},"p2":{"x":1,"y":0},"rightArrow":"false","shape":"bezier","stroke":"solid"},"typeID":"Arrow","w":"11","x":"1370","y":"1033","zOrder":"150"},{"ID":"193","h":"30","measuredH":"27","measuredW":"174","properties":{"size":"18","text":"Significance Level"},"typeID":"Button","w":"183","x":"1461","y":"999","zOrder":"151"},{"ID":"194","h":"30","measuredH":"27","measuredW":"84","properties":{"size":"18","text":"p-value"},"typeID":"Button","w":"85","x":"1460","y":"961","zOrder":"152"},{"ID":"195","h":"29","measuredH":"27","measuredW":"113","properties":{"size":"18","text":"Correlation"},"typeID":"Button","w":"122","x":"873","y":"426","zOrder":"153"},{"ID":"197","h":"155","measuredH":"140","measuredW":"180","properties":{"direction":"right","text":""},"typeID":"VCurly","w":"30","x":"839","y":"310","zOrder":"154"},{"ID":"198","h":"34","measuredH":"27","measuredW":"121","properties":{"size":"18","text":"Uncertainty"},"typeID":"Button","w":"132","x":"1452","y":"544","zOrder":"155"}]},"measuredH":"1184","measuredW":"1644","mockupH":"874","mockupW":"1309","version":"1.0"}}
