{"mockup":{"controls":{"control":[{"ID":"2","h":"66","measuredH":"52","measuredW":"190","properties":{"color":"13421772","size":"20","text":"Text Mining\\n(NLP Background)"},"typeID":"Button","w":"231","x":"1136","y":"831","zOrder":"0"},{"ID":"3","h":"40","measuredH":"27","measuredW":"158","properties":{"color":"16767334","size":"18","text":"Basic Procedure"},"typeID":"Button","w":"155","x":"953","y":"835","zOrder":"1"},{"ID":"4","h":"39","measuredH":"38","measuredW":"31","properties":{"curvature":"1","direction":"top","leftArrow":"false","p0":{"x":0,"y":0,"length":0},"p1":{"x":0.41977992120635793,"y":0.02295883711452256,"length":0.42040729114712944},"p2":{"x":31,"y":38,"length":49.040799340956916},"rightArrow":"false","shape":"bezier","stroke":"solid","text":""},"typeID":"Arrow","w":"32","x":"924","y":"815","zOrder":"2"},{"ID":"5","h":"2","measuredH":"1","measuredW":"31","properties":{"curvature":"1","direction":"top","leftArrow":"false","p0":{"x":0,"y":1,"length":1},"p1":{"x":0.45033407572383094,"y":0.027616926503340758,"length":0.4511800908589917},"p2":{"x":31,"y":1,"length":31.016124838541646},"rightArrow":"false","shape":"bezier","stroke":"solid","text":""},"typeID":"Arrow","w":"32","x":"1105","y":"858","zOrder":"3"},{"ID":"6","h":"41","measuredH":"27","measuredW":"215","properties":{"color":"16777215","size":"18","text":"Morphological & Lexical"},"typeID":"Button","w":"224","x":"771","y":"782","zOrder":"4"},{"ID":"7","h":"36","measuredH":"27","measuredW":"175","properties":{"size":"18","text":"Sentence splitting"},"typeID":"Button","w":"166","x":"555","y":"652","zOrder":"5"},{"ID":"8","h":"36","measuredH":"27","measuredW":"112","properties":{"color":"16770457","size":"18","text":"Tokenizing"},"typeID":"Button","w":"120","x":"597","y":"606","zOrder":"6"},{"ID":"9","h":"36","measuredH":"27","measuredW":"208","properties":{"size":"18","text":"Morphological Analysis"},"typeID":"Button","w":"196","x":"525","y":"697","zOrder":"7"},{"ID":"10","h":"36","measuredH":"27","measuredW":"221","properties":{"size":"18","text":"Part-Of-Speech Tagging"},"typeID":"Button","w":"221","x":"497","y":"741","zOrder":"8"},{"ID":"11","h":"36","measuredH":"27","measuredW":"83","properties":{"size":"18","text":"Folding"},"typeID":"Button","w":"95","x":"358","y":"650","zOrder":"9"},{"ID":"12","h":"36","measuredH":"27","measuredW":"108","properties":{"size":"18","text":"Stemming"},"typeID":"Button","w":"95","x":"358","y":"692","zOrder":"10"},{"ID":"13","h":"36","measuredH":"27","measuredW":"143","properties":{"size":"18","text":"Lemmatization"},"typeID":"Button","w":"130","x":"323","y":"736","zOrder":"11"},{"ID":"14","h":"113","measuredH":"140","measuredW":"180","properties":{"direction":"left","text":" "},"typeID":"VCurly","w":"30","x":"458","y":"655","zOrder":"12"},{"ID":"15","h":"5","measuredH":"4","measuredW":"50","properties":{"curvature":"1","direction":"top","leftArrow":"false","p0":{"x":0,"y":1,"length":1},"p1":{"x":0.4197799212063577,"y":0.022958837114522554,"length":0.4204072911471292},"p2":{"x":50,"y":4,"length":50.15974481593781},"rightArrow":"false","shape":"bezier","stroke":"solid","text":""},"typeID":"Arrow","w":"51","x":"473","y":"712","zOrder":"13"},{"ID":"16","h":"144","measuredH":"140","measuredW":"180","properties":{"direction":"left","text":" "},"typeID":"VCurly","w":"30","x":"724","y":"623","zOrder":"14"},{"ID":"17","h":"31","measuredH":"30","measuredW":"45","properties":{"curvature":"1","direction":"top","leftArrow":"false","p0":{"x":0,"y":0,"length":0},"p1":{"x":0.41977992120635776,"y":0.022958837114522436,"length":0.42040729114712927},"p2":{"x":45,"y":30,"length":54.08326913195984},"rightArrow":"false","shape":"bezier","stroke":"solid","text":""},"typeID":"Arrow","w":"46","x":"740","y":"695","zOrder":"15"},{"ID":"18","h":"36","measuredH":"27","measuredW":"82","properties":{"size":"18","text":"Syntax"},"typeID":"Button","w":"98","x":"840","y":"915","zOrder":"16"},{"ID":"19","h":"38","measuredH":"27","measuredW":"178","properties":{"size":"18","text":"StopWord Removal"},"typeID":"Button","w":"173","x":"548","y":"791","zOrder":"17"},{"ID":"20","h":"61","measuredH":"48","measuredW":"135","properties":{"size":"18","text":"Unsupervisor\\nTokenizer"},"typeID":"Button","w":"146","x":"406","y":"429","zOrder":"18"},{"ID":"21","h":"118","measuredH":"117","measuredW":"75","properties":{"curvature":"-1","direction":"top","leftArrow":"false","p0":{"x":68,"y":117,"length":135.32553343696821},"p1":{"x":0.35929244734085886,"y":-0.19192365879204012,"length":0.40733985015010166},"p2":{"x":0,"y":0,"length":0},"rightArrow":"false","shape":"bezier","stroke":"solid","text":""},"typeID":"Arrow","w":"76","x":"548","y":"488","zOrder":"19"},{"ID":"22","h":"62","measuredH":"140","measuredW":"180","properties":{"direction":"left","text":" "},"typeID":"VCurly","w":"30","x":"457","y":"792","zOrder":"20"},{"ID":"23","h":"36","measuredH":"27","measuredW":"163","properties":{"size":"18","text":"Dictionary based"},"typeID":"Button","w":"160","x":"293","y":"786","zOrder":"21"},{"ID":"24","h":"36","measuredH":"27","measuredW":"165","properties":{"size":"18","text":"Morpheme based"},"typeID":"Button","w":"160","x":"293","y":"827","zOrder":"22"},{"ID":"25","h":"29","measuredH":"27","measuredW":"75","properties":{"size":"18","text":"Porter"},"typeID":"Button","w":"72","x":"244","y":"658","zOrder":"23"},{"ID":"26","h":"30","measuredH":"27","measuredW":"109","properties":{"size":"18","text":"Lancaster"},"typeID":"Button","w":"102","x":"214","y":"694","zOrder":"24"},{"ID":"27","h":"62","measuredH":"140","measuredW":"180","properties":{"direction":"left","text":" "},"typeID":"VCurly","w":"30","x":"319","y":"663","zOrder":"25"},{"ID":"28","h":"11","measuredH":"10","measuredW":"25","properties":{"curvature":"1","direction":"top","leftArrow":"false","p0":{"x":0,"y":0,"length":0},"p1":{"x":0.4197799212063577,"y":0.022958837114522554,"length":0.4204072911471292},"p2":{"x":25,"y":10,"length":26.92582403567252},"rightArrow":"false","shape":"bezier","stroke":"solid","text":""},"typeID":"Arrow","w":"26","x":"332","y":"694","zOrder":"26"},{"ID":"29","h":"36","measuredH":"27","measuredW":"86","properties":{"size":"18","text":"Parsing"},"typeID":"Button","w":"103","x":"745","y":"987","zOrder":"27"},{"ID":"30","h":"40","measuredH":"27","measuredW":"182","properties":{"size":"18","text":"Analysis Procedure"},"typeID":"Button","w":"190","x":"779","y":"719","zOrder":"28"},{"ID":"31","h":"28","measuredH":"27","measuredW":"0","properties":{"curvature":"1","direction":"top","leftArrow":"false","p0":{"x":0,"y":0,"length":0},"p1":{"x":0.4197799212063577,"y":0.022958837114522505,"length":0.4204072911471292},"p2":{"x":0,"y":27,"length":27},"rightArrow":"false","shape":"bezier","stroke":"solid","text":""},"typeID":"Arrow","w":"1","x":"887","y":"757","zOrder":"29"},{"ID":"33","h":"36","measuredH":"27","measuredW":"221","properties":{"size":"18","text":"Part-Of-Speech Tagging"},"typeID":"Button","w":"221","x":"488","y":"848","zOrder":"30"},{"ID":"34","h":"36","measuredH":"27","measuredW":"134","properties":{"size":"18","text":"NER Analysis"},"typeID":"Button","w":"140","x":"569","y":"890","zOrder":"31"},{"ID":"35","h":"36","measuredH":"27","measuredW":"132","properties":{"size":"18","text":"Co-reference"},"typeID":"Button","w":"140","x":"569","y":"935","zOrder":"32"},{"ID":"36","h":"36","measuredH":"27","measuredW":"184","properties":{"size":"18","text":"Dependencies Tree"},"typeID":"Button","w":"186","x":"523","y":"978","zOrder":"33"},{"ID":"37","h":"148","measuredH":"140","measuredW":"180","properties":{"direction":"left","text":" "},"typeID":"VCurly","w":"30","x":"715","y":"856","zOrder":"34"},{"ID":"38","h":"93","measuredH":"92","measuredW":"31","properties":{"curvature":"-1","direction":"bottom","leftArrow":"false","p0":{"x":0,"y":92,"length":92},"p1":{"x":0.41977992120635776,"y":0.022958837114522214,"length":0.42040729114712927},"p2":{"x":31,"y":0,"length":31},"rightArrow":"false","shape":"bezier","stroke":"solid","text":""},"typeID":"Arrow","w":"32","x":"773","y":"822","zOrder":"35"},{"ID":"40","h":"82","measuredH":"70","measuredW":"154","properties":{"size":"18","text":"Unsupervisor\\nNoun Extraction\\n[Korean]"},"typeID":"Button","w":"186","x":"406","y":"546","zOrder":"36"},{"ID":"41","h":"52","measuredH":"51","measuredW":"32","properties":{"curvature":"-1","direction":"bottom","leftArrow":"false","p0":{"x":0,"y":51,"length":51},"p1":{"x":0.4197799212063577,"y":0.022958837114522544,"length":0.4204072911471292},"p2":{"x":32,"y":0,"length":32},"rightArrow":"false","shape":"bezier","stroke":"solid","text":""},"typeID":"Arrow","w":"33","x":"469","y":"773","zOrder":"37"},{"ID":"42","h":"33","measuredH":"27","measuredW":"153","properties":{"size":"18","text":"Cohesion Score"},"typeID":"Button","w":"154","x":"231","y":"522","zOrder":"38"},{"ID":"46","h":"36","measuredH":"27","measuredW":"173","properties":{"size":"18","text":"Branching Entropy"},"typeID":"Button","w":"170","x":"215","y":"562","zOrder":"39"},{"ID":"47","h":"102","measuredH":"140","measuredW":"180","properties":{"direction":"left","text":" "},"typeID":"VCurly","w":"30","x":"387","y":"529","zOrder":"40"},{"ID":"48","h":"176","measuredH":"140","measuredW":"180","properties":{"direction":"right","text":" "},"typeID":"VCurly","w":"31","x":"545","y":"295","zOrder":"41"},{"ID":"49","h":"36","measuredH":"27","measuredW":"191","properties":{"size":"18","text":"L-Tokenizer[Korean]"},"typeID":"Button","w":"204","x":"581","y":"278","zOrder":"42"},{"ID":"50","h":"36","measuredH":"27","measuredW":"164","properties":{"size":"18","text":"Accessor Variety"},"typeID":"Button","w":"170","x":"215","y":"606","zOrder":"43"},{"ID":"53","h":"54","measuredH":"48","measuredW":"232","properties":{"size":"18","text":"Max Score Tokenizer\\n(Non-Spacing Language)"},"typeID":"Button","w":"236","x":"583","y":"323","zOrder":"44"},{"ID":"55","h":"36","measuredH":"27","measuredW":"161","properties":{"size":"18","text":"Regex Tokenizer"},"typeID":"Button","w":"167","x":"583","y":"399","zOrder":"45"},{"ID":"56","h":"36","measuredH":"27","measuredW":"179","properties":{"size":"18","text":"Subword Tokenizer"},"typeID":"Button","w":"175","x":"576","y":"451","zOrder":"46"},{"ID":"57","h":"103","measuredH":"140","measuredW":"180","properties":{"direction":"right","text":" "},"typeID":"VCurly","w":"31","x":"743","y":"408","zOrder":"47"},{"ID":"58","h":"36","measuredH":"27","measuredW":"180","properties":{"size":"18","text":"Byte Pair Encoding"},"typeID":"Button","w":"175","x":"774","y":"390","zOrder":"48"},{"ID":"59","h":"36","measuredH":"27","measuredW":"117","properties":{"size":"18","text":"Word Piece"},"typeID":"Button","w":"134","x":"774","y":"434","zOrder":"49"},{"ID":"60","h":"36","measuredH":"27","measuredW":"218","properties":{"size":"18","text":"Subword Regularization"},"typeID":"Button","w":"206","x":"774","y":"481","zOrder":"50"},{"ID":"61","h":"36","measuredH":"27","measuredW":"154","properties":{"size":"18","text":"Sentence Piece"},"typeID":"Button","w":"143","x":"801","y":"524","zOrder":"51"},{"ID":"63","h":"41","measuredH":"40","measuredW":"59","properties":{"curvature":"-1","direction":"bottom","leftArrow":"false","p0":{"x":1,"y":40,"length":40.01249804748511},"p1":{"x":0.32917002417405317,"y":0.1522965350523771,"length":0.36269427815131944},"p2":{"x":59,"y":0,"length":59},"rightArrow":"false","shape":"bezier","stroke":"solid","text":""},"typeID":"Arrow","w":"60","x":"896","y":"875","zOrder":"52"},{"ID":"64","h":"79","measuredH":"140","measuredW":"180","properties":{"direction":"left","text":" "},"typeID":"VCurly","w":"30","x":"774","y":"1031","zOrder":"53"},{"ID":"65","h":"36","measuredH":"27","measuredW":"144","properties":{"size":"18","text":"CYK Algorithm"},"typeID":"Button","w":"145","x":"624","y":"1032","zOrder":"54"},{"ID":"66","h":"36","measuredH":"27","measuredW":"138","properties":{"size":"18","text":"Graph Parsing"},"typeID":"Button","w":"145","x":"624","y":"1076","zOrder":"55"},{"ID":"67","h":"50","measuredH":"49","measuredW":"17","properties":{"curvature":"-1","direction":"bottom","leftArrow":"false","p0":{"x":0,"y":49,"length":49},"p1":{"x":0.41977992120635776,"y":0.02295883711452226,"length":0.42040729114712927},"p2":{"x":17,"y":0,"length":17},"rightArrow":"false","shape":"bezier","stroke":"solid","text":""},"typeID":"Arrow","w":"18","x":"788","y":"1021","zOrder":"56"},{"ID":"68","h":"40","measuredH":"39","measuredW":"36","properties":{"curvature":"-1","direction":"bottom","leftArrow":"false","p0":{"x":3,"y":39,"length":39.11521443121589},"p1":{"x":0.22656049319291038,"y":0.12432571281787827,"length":0.2584309190934559},"p2":{"x":36,"y":0,"length":36},"rightArrow":"false","shape":"bezier","stroke":"solid","text":""},"typeID":"Arrow","w":"37","x":"806","y":"949","zOrder":"57"},{"ID":"71","h":"36","measuredH":"27","measuredW":"63","properties":{"size":"18","text":"Task"},"typeID":"Button","w":"78","x":"739","y":"914","zOrder":"58"},{"ID":"72","h":"36","measuredH":"27","measuredW":"171","properties":{"size":"18","text":"Out of Vocabulary"},"typeID":"Button","w":"166","x":"728","y":"569","zOrder":"59"},{"ID":"74","h":"57","measuredH":"48","measuredW":"146","properties":{"size":"18","text":"Katz's\\nback-off model"},"typeID":"Button","w":"142","x":"775","y":"620","zOrder":"60"},{"ID":"75","h":"17","measuredH":"16","measuredW":"8","properties":{"curvature":"1","direction":"top","leftArrow":"false","p0":{"x":0,"y":0,"length":0},"p1":{"x":0.41977992120635754,"y":0.02295883711452258,"length":0.42040729114712905},"p2":{"x":8,"y":16,"length":17.88854381999832},"rightArrow":"false","shape":"bezier","stroke":"solid","text":""},"typeID":"Arrow","w":"9","x":"865","y":"604","zOrder":"61"},{"ID":"78","h":"58","measuredH":"48","measuredW":"116","properties":{"color":"16767334","size":"18","text":"Word\\nEmbedding"},"typeID":"Button","w":"137","x":"1416","y":"891","zOrder":"62"},{"ID":"79","h":"36","measuredH":"35","measuredW":"50","properties":{"curvature":"1","direction":"top","leftArrow":"false","p0":{"x":0,"y":0},"p1":{"x":0.4197799212063576,"y":0.022958837114522485},"p2":{"x":50,"y":35},"rightArrow":"false","shape":"bezier","stroke":"solid","text":""},"typeID":"Arrow","w":"51","x":"1367","y":"860","zOrder":"63"},{"ID":"80","h":"57","measuredH":"48","measuredW":"115","properties":{"color":"16767334","size":"18","text":"NLP Basic\\nHypothesis"},"typeID":"Button","w":"148","x":"1176","y":"924","zOrder":"64"},{"ID":"81","h":"40","measuredH":"27","measuredW":"107","properties":{"color":"16767334","size":"18","text":"Document"},"typeID":"Button","w":"168","x":"1334","y":"592","zOrder":"65"},{"ID":"82","h":"36","measuredH":"27","measuredW":"100","properties":{"size":"18","text":"Similarity"},"typeID":"Button","w":"125","x":"1120","y":"620","zOrder":"66"},{"ID":"83","h":"36","measuredH":"27","measuredW":"134","properties":{"size":"18","text":"Classification"},"typeID":"Button","w":"142","x":"1324","y":"423","zOrder":"67"},{"ID":"84","h":"206","measuredH":"140","measuredW":"180","properties":{"direction":"left","text":" "},"typeID":"VCurly","w":"30","x":"1158","y":"922","zOrder":"68"},{"ID":"85","h":"27","measuredH":"26","measuredW":"5","properties":{"curvature":"-1","direction":"bottom","leftArrow":"false","p0":{"x":5,"y":0,"length":5},"p1":{"x":0.4197799212063576,"y":0.02295883711452249,"length":0.4204072911471291},"p2":{"x":0,"y":26,"length":26},"rightArrow":"false","shape":"bezier","stroke":"solid","text":""},"typeID":"Arrow","w":"6","x":"1293","y":"897","zOrder":"69"},{"ID":"86","h":"49","measuredH":"48","measuredW":"51","properties":{"curvature":"-1","direction":"bottom","leftArrow":"false","p0":{"x":51,"y":0},"p1":{"x":0.438299927553731,"y":0.11470659261048056},"p2":{"x":0,"y":48},"rightArrow":"false","shape":"bezier","stroke":"solid","text":""},"typeID":"Arrow","w":"52","x":"1171","y":"977","zOrder":"70"},{"ID":"87","h":"88","measuredH":"87","measuredW":"35","properties":{"curvature":"1","direction":"top","leftArrow":"false","p0":{"x":35,"y":87,"length":93.77632963600144},"p1":{"x":0.3800580030382544,"y":0.07623256456290575,"length":0.3876280299117485},"p2":{"x":0,"y":0,"length":0},"rightArrow":"false","shape":"bezier","stroke":"solid","text":""},"typeID":"Arrow","w":"36","x":"695","y":"484","zOrder":"71"},{"ID":"88","h":"36","measuredH":"27","measuredW":"73","properties":{"size":"18","text":"VSMs"},"typeID":"Button","w":"78","x":"1072","y":"919","zOrder":"72"},{"ID":"89","h":"36","measuredH":"27","measuredW":"226","properties":{"size":"18","text":"Distributional Hypothesis"},"typeID":"Button","w":"225","x":"925","y":"962","zOrder":"73"},{"ID":"91","h":"46","measuredH":"45","measuredW":"61","properties":{"curvature":"-1","direction":"bottom","leftArrow":"false","p0":{"x":3,"y":45,"length":45.09988913511872},"p1":{"x":0.29844699527346386,"y":0.22214719783929765,"length":0.3720483658015595},"p2":{"x":61,"y":0,"length":61},"rightArrow":"false","shape":"bezier","stroke":"solid","text":""},"typeID":"Arrow","w":"62","x":"499","y":"383","zOrder":"74"},{"ID":"92","h":"36","measuredH":"27","measuredW":"185","properties":{"size":"18","text":"Word Segmentation"},"typeID":"Button","w":"187","x":"847","y":"331","zOrder":"75"},{"ID":"93","h":"4","measuredH":"3","measuredW":"27","properties":{"curvature":"1","direction":"top","leftArrow":"false","p0":{"x":0,"y":1,"length":1},"p1":{"x":0.41977992120635776,"y":0.022958837114522554,"length":0.42040729114712927},"p2":{"x":27,"y":3,"length":27.16615541441225},"rightArrow":"false","shape":"bezier","stroke":"solid","text":""},"typeID":"Arrow","w":"28","x":"819","y":"348","zOrder":"76"},{"ID":"94","h":"40","measuredH":"27","measuredW":"72","properties":{"color":"16767334","size":"18","text":"Graph"},"typeID":"Button","w":"95","x":"1155","y":"729","zOrder":"77"},{"ID":"95","h":"66","measuredH":"65","measuredW":"13","properties":{"curvature":"-1","direction":"bottom","leftArrow":"false","p0":{"x":2,"y":65,"length":65.03076195155643},"p1":{"x":0.3800580030382544,"y":0.07623256456290575,"length":0.3876280299117485},"p2":{"x":13,"y":0,"length":13},"rightArrow":"false","shape":"bezier","stroke":"solid","text":""},"typeID":"Arrow","w":"14","x":"1181","y":"766","zOrder":"78"},{"ID":"96","h":"36","measuredH":"27","measuredW":"106","properties":{"size":"18","text":"PageRank"},"typeID":"Button","w":"105","x":"1002","y":"572","zOrder":"79"},{"ID":"97","h":"36","measuredH":"27","measuredW":"67","properties":{"size":"18","text":"HITS"},"typeID":"Button","w":"71","x":"1002","y":"616","zOrder":"80"},{"ID":"98","h":"36","measuredH":"27","measuredW":"108","properties":{"size":"18","text":"Text Rank"},"typeID":"Button","w":"105","x":"1002","y":"486","zOrder":"81"},{"ID":"99","h":"36","measuredH":"27","measuredW":"113","properties":{"size":"18","text":"Word Rank"},"typeID":"Button","w":"105","x":"1002","y":"529","zOrder":"82"},{"ID":"100","h":"36","measuredH":"27","measuredW":"174","properties":{"size":"18","text":"Ranking Algorithm"},"typeID":"Button","w":"192","x":"996","y":"677","zOrder":"83"},{"ID":"101","h":"144","measuredH":"140","measuredW":"180","properties":{"direction":"right","text":" "},"typeID":"VCurly","w":"30","x":"968","y":"499","zOrder":"84"},{"ID":"102","h":"105","measuredH":"104","measuredW":"45","properties":{"curvature":"1","direction":"top","leftArrow":"false","p0":{"x":45,"y":104,"length":113.3181362359971},"p1":{"x":0.6685840707964603,"y":0.2712389380530974,"length":0.7215089890215771},"p2":{"x":22,"y":0,"length":22},"rightArrow":"false","shape":"bezier","stroke":"solid","text":""},"typeID":"Arrow","w":"46","x":"959","y":"572","zOrder":"85"},{"ID":"103","h":"30","measuredH":"29","measuredW":"18","properties":{"curvature":"1","direction":"top","leftArrow":"false","p0":{"x":18,"y":29,"length":34.132096331752024},"p1":{"x":0.5549100968188103,"y":0.11424619640387287,"length":0.5665486818837493},"p2":{"x":0,"y":0,"length":0},"rightArrow":"false","shape":"bezier","stroke":"solid","text":""},"typeID":"Arrow","w":"19","x":"1137","y":"711","zOrder":"86"},{"ID":"104","h":"76","measuredH":"75","measuredW":"11","properties":{"curvature":"-1","direction":"top","leftArrow":"false","p0":{"x":9,"y":75,"length":75.53806987208503},"p1":{"x":0.535751840168244,"y":-0.09095688748685594,"length":0.5434180615557015},"p2":{"x":0,"y":0,"length":0},"rightArrow":"false","shape":"bezier","stroke":"solid","text":""},"typeID":"Arrow","w":"12","x":"1204","y":"653","zOrder":"87"},{"ID":"105","h":"36","measuredH":"27","measuredW":"97","properties":{"size":"18","text":"SimRank"},"typeID":"Button","w":"105","x":"1145","y":"533","zOrder":"88"},{"ID":"106","h":"36","measuredH":"27","measuredW":"153","properties":{"color":"16767334","size":"18","text":"String Distance"},"typeID":"Button","w":"169","x":"1177","y":"477","zOrder":"89"},{"ID":"108","h":"104","measuredH":"140","measuredW":"180","properties":{"direction":"right","text":" "},"typeID":"VCurly","w":"30","x":"1108","y":"363","zOrder":"90"},{"ID":"109","h":"78","measuredH":"77","measuredW":"65","properties":{"curvature":"1","direction":"top","leftArrow":"false","p0":{"x":65,"y":77},"p1":{"x":0.48823273044236215,"y":0.3788407060361735},"p2":{"x":8,"y":0},"rightArrow":"false","shape":"bezier","stroke":"solid","text":""},"typeID":"Arrow","w":"66","x":"1115","y":"416","zOrder":"91"},{"ID":"110","h":"36","measuredH":"27","measuredW":"107","properties":{"size":"18","text":"L-R Graph"},"typeID":"Button","w":"120","x":"808","y":"279","zOrder":"92"},{"ID":"111","h":"3","measuredH":"2","measuredW":"22","properties":{"curvature":"1","direction":"top","leftArrow":"false","p0":{"x":0,"y":1,"length":1},"p1":{"x":0.4197799212063578,"y":0.022958837114522554,"length":0.42040729114712927},"p2":{"x":22,"y":2,"length":22.090722034374522},"rightArrow":"false","shape":"bezier","stroke":"solid","text":""},"typeID":"Arrow","w":"23","x":"786","y":"294","zOrder":"93"},{"ID":"112","h":"36","measuredH":"27","measuredW":"65","properties":{"size":"18","text":"RWR"},"typeID":"Button","w":"67","x":"1146","y":"575","zOrder":"94"},{"ID":"113","h":"78","measuredH":"140","measuredW":"180","properties":{"direction":"right","text":" "},"typeID":"VCurly","w":"30","x":"1112","y":"536","zOrder":"95"},{"ID":"114","h":"44","measuredH":"43","measuredW":"6","properties":{"curvature":"-1","direction":"bottom","leftArrow":"false","p0":{"x":4,"y":43,"length":43.18564576337837},"p1":{"x":0.5823710885852798,"y":0.11159100925517856,"length":0.5929659671234034},"p2":{"x":6,"y":0,"length":6},"rightArrow":"false","shape":"bezier","stroke":"solid","text":""},"typeID":"Arrow","w":"7","x":"1120","y":"576","zOrder":"96"},{"ID":"115","h":"36","measuredH":"27","measuredW":"294","properties":{"size":"18","text":"Statistical Semantics Hypothesis"},"typeID":"Button","w":"294","x":"855","y":"1007","zOrder":"97"},{"ID":"116","h":"36","measuredH":"27","measuredW":"227","properties":{"size":"18","text":"Bag of words Hypothesis"},"typeID":"Button","w":"237","x":"912","y":"1051","zOrder":"98"},{"ID":"117","h":"36","measuredH":"27","measuredW":"237","properties":{"size":"18","text":"Latent relation Hypothesis"},"typeID":"Button","w":"237","x":"912","y":"1097","zOrder":"99"},{"ID":"118","h":"36","measuredH":"27","measuredW":"127","properties":{"size":"18","text":"Levenshitein"},"typeID":"Button","w":"137","x":"1142","y":"339","zOrder":"100"},{"ID":"119","h":"36","measuredH":"27","measuredW":"90","properties":{"size":"18","text":"Jaccard"},"typeID":"Button","w":"99","x":"1142","y":"384","zOrder":"101"},{"ID":"120","h":"36","measuredH":"27","measuredW":"81","properties":{"size":"18","text":"Cosine"},"typeID":"Button","w":"81","x":"1142","y":"429","zOrder":"102"},{"ID":"121","h":"63","measuredH":"48","measuredW":"112","properties":{"color":"16767334","size":"18","text":"Sequential\\nLabeling"},"typeID":"Button","w":"142","x":"1251","y":"994","zOrder":"103"},{"ID":"123","h":"36","measuredH":"27","measuredW":"110","properties":{"size":"18","text":"Clustering"},"typeID":"Button","w":"129","x":"1485","y":"423","zOrder":"104"},{"ID":"124","h":"199","measuredH":"198","measuredW":"107","properties":{"curvature":"-1","direction":"bottom","leftArrow":"false","p0":{"x":0,"y":198},"p1":{"x":0.48522298777959844,"y":0.12080232167887389},"p2":{"x":107,"y":0},"rightArrow":"false","shape":"bezier","stroke":"solid","text":""},"typeID":"Arrow","w":"108","x":"1266","y":"631","zOrder":"105"},{"ID":"125","h":"98","measuredH":"97","measuredW":"11","properties":{"curvature":"-1","direction":"bottom","leftArrow":"false","p0":{"x":11,"y":0,"length":11},"p1":{"x":0.4197799212063576,"y":0.022958837114522485,"length":0.4204072911471291},"p2":{"x":0,"y":97,"length":97},"rightArrow":"false","shape":"bezier","stroke":"solid","text":""},"typeID":"Arrow","w":"12","x":"1334","y":"898","zOrder":"106"},{"ID":"126","h":"36","measuredH":"27","measuredW":"65","properties":{"size":"18","text":"HMM"},"typeID":"Button","w":"78","x":"1247","y":"1110","zOrder":"107"},{"ID":"127","h":"36","measuredH":"27","measuredW":"184","properties":{"size":"18","text":"Markov Assumption"},"typeID":"Button","w":"188","x":"1355","y":"1065","zOrder":"108"},{"ID":"128","h":"55","measuredH":"48","measuredW":"149","properties":{"size":"18","text":"Distributed\\nRepresentation"},"typeID":"Button","w":"159","x":"1592","y":"902","zOrder":"109"},{"ID":"129","h":"226","measuredH":"140","measuredW":"180","properties":{"direction":"right","text":" "},"typeID":"VCurly","w":"30","x":"1213","y":"1120","zOrder":"110"},{"ID":"130","h":"86","measuredH":"140","measuredW":"180","properties":{"direction":"right","text":" "},"typeID":"VCurly","w":"30","x":"1320","y":"1086","zOrder":"111"},{"ID":"131","h":"36","measuredH":"27","measuredW":"183","properties":{"size":"18","text":"Emission Probablity"},"typeID":"Button","w":"188","x":"1355","y":"1108","zOrder":"112"},{"ID":"133","h":"36","measuredH":"27","measuredW":"193","properties":{"size":"18","text":"Transition Probability"},"typeID":"Button","w":"188","x":"1357","y":"1152","zOrder":"113"},{"ID":"134","h":"36","measuredH":"27","measuredW":"222","properties":{"size":"18","text":"Maximum Entropy Model"},"typeID":"Button","w":"227","x":"1251","y":"1198","zOrder":"114"},{"ID":"135","h":"36","measuredH":"27","measuredW":"286","properties":{"size":"18","text":"Maximum Entropy Markov Model"},"typeID":"Button","w":"283","x":"1251","y":"1240","zOrder":"115"},{"ID":"136","h":"36","measuredH":"27","measuredW":"216","properties":{"size":"18","text":"Condition Random Field"},"typeID":"Button","w":"227","x":"1252","y":"1281","zOrder":"116"},{"ID":"137","h":"36","measuredH":"27","measuredW":"161","properties":{"size":"18","text":"Feature Function"},"typeID":"Button","w":"166","x":"1562","y":"1215","zOrder":"117"},{"ID":"138","h":"36","measuredH":"27","measuredW":"61","properties":{"size":"18","text":"RNN"},"typeID":"Button","w":"74","x":"1252","y":"1324","zOrder":"118"},{"ID":"139","h":"36","measuredH":"27","measuredW":"109","properties":{"size":"18","text":"Label Bias"},"typeID":"Button","w":"113","x":"1488","y":"1281","zOrder":"119"},{"ID":"140","h":"177","measuredH":"176","measuredW":"46","properties":{"curvature":"-1","direction":"bottom","leftArrow":"false","p0":{"x":20,"y":176},"p1":{"x":0.32917002417405317,"y":0.1522965350523771},"p2":{"x":46,"y":0},"rightArrow":"false","shape":"bezier","stroke":"solid","text":""},"typeID":"Arrow","w":"47","x":"1208","y":"1054","zOrder":"120"},{"ID":"141","h":"135","measuredH":"134","measuredW":"5","properties":{"curvature":"1","direction":"bottom","leftArrow":"false","p0":{"x":0,"y":134,"length":134},"p1":{"x":0.589135238380585,"y":-0.029418373843676272,"length":0.5898692819780964},"p2":{"x":2,"y":0,"length":2},"rightArrow":"false","shape":"bezier","stroke":"solid","text":""},"typeID":"Arrow","w":"6","x":"1369","y":"456","zOrder":"121"},{"ID":"142","h":"58","measuredH":"140","measuredW":"180","properties":{"direction":"left","text":" "},"typeID":"VCurly","w":"30","x":"1538","y":"1204","zOrder":"122"},{"ID":"144","h":"34","measuredH":"27","measuredW":"188","properties":{"size":"18","text":"Bag of Words model"},"typeID":"Button","w":"201","x":"1499","y":"555","zOrder":"123"},{"ID":"146","h":"34","measuredH":"27","measuredW":"214","properties":{"size":"18","text":"One-hot representation"},"typeID":"Button","w":"218","x":"1592","y":"859","zOrder":"124"},{"ID":"147","h":"58","measuredH":"48","measuredW":"143","properties":{"size":"18","text":"Dimensionality\\nReduction"},"typeID":"Button","w":"152","x":"1758","y":"901","zOrder":"125"},{"ID":"148","h":"56","measuredH":"48","measuredW":"149","properties":{"size":"18","text":"Term Vector\\nRepresentation"},"typeID":"Button","w":"165","x":"1508","y":"478","zOrder":"126"},{"ID":"149","h":"13","measuredH":"12","measuredW":"16","properties":{"curvature":"1","direction":"bottom","leftArrow":"false","p0":{"x":16,"y":0},"p1":{"x":0.49,"y":-0.18},"p2":{"x":0,"y":12},"rightArrow":"false","shape":"bezier","stroke":"solid","text":""},"typeID":"Arrow","w":"17","x":"1483","y":"580","zOrder":"127"},{"ID":"151","h":"36","measuredH":"27","measuredW":"81","properties":{"size":"18","text":"TF-IDF"},"typeID":"Button","w":"87","x":"1687","y":"489","zOrder":"128"},{"ID":"152","h":"136","measuredH":"135","measuredW":"75","properties":{"curvature":"0","direction":"bottom","leftArrow":"false","p0":{"x":0,"y":135,"length":135},"p1":{"x":0.5364779874213836,"y":-0.005660377358490566,"length":0.5365078479011642},"p2":{"x":75,"y":0,"length":75},"rightArrow":"false","shape":"bezier","stroke":"solid","text":""},"typeID":"Arrow","w":"76","x":"1416","y":"456","zOrder":"129"},{"ID":"154","h":"135","measuredH":"140","measuredW":"180","properties":{"direction":"right","text":" "},"typeID":"VCurly","w":"30","x":"1556","y":"823","zOrder":"130"},{"ID":"155","h":"36","measuredH":"27","measuredW":"195","properties":{"size":"18","text":"Distance & Similarity"},"typeID":"Button","w":"188","x":"1722","y":"556","zOrder":"131"},{"ID":"156","h":"79","measuredH":"78","measuredW":"23","properties":{"curvature":"-1","direction":"top","leftArrow":"false","p0":{"x":23,"y":78},"p1":{"x":0.535751840168244,"y":-0.09095688748685594},"p2":{"x":0,"y":0},"rightArrow":"false","shape":"bezier","stroke":"solid","text":""},"typeID":"Arrow","w":"24","x":"1326","y":"513","zOrder":"132"},{"ID":"157","h":"183","measuredH":"140","measuredW":"180","properties":{"direction":"right","text":" "},"typeID":"VCurly","w":"30","x":"1291","y":"216","zOrder":"133"},{"ID":"158","h":"133","measuredH":"132","measuredW":"37","properties":{"curvature":"1","direction":"top","leftArrow":"false","p0":{"x":37,"y":132},"p1":{"x":0.48832516575381957,"y":0.20985874891899683},"p2":{"x":20,"y":0},"rightArrow":"false","shape":"bezier","stroke":"solid","text":""},"typeID":"Arrow","w":"38","x":"1288","y":"308","zOrder":"134"},{"ID":"160","h":"36","measuredH":"27","measuredW":"95","properties":{"size":"18","text":"k-means"},"typeID":"Button","w":"91","x":"1638","y":"231","zOrder":"135"},{"ID":"161","h":"187","measuredH":"140","measuredW":"180","properties":{"direction":"right","text":" "},"typeID":"VCurly","w":"30","x":"1603","y":"255","zOrder":"136"},{"ID":"162","h":"34","measuredH":"27","measuredW":"147","properties":{"size":"18","text":"Topic Modeling"},"typeID":"Button","w":"159","x":"1592","y":"812","zOrder":"137"},{"ID":"163","h":"34","measuredH":"27","measuredW":"103","properties":{"size":"18","text":"Euclidean"},"typeID":"Button","w":"112","x":"1931","y":"537","zOrder":"138"},{"ID":"164","h":"34","measuredH":"27","measuredW":"81","properties":{"size":"18","text":"Cosine"},"typeID":"Button","w":"90","x":"1931","y":"578","zOrder":"139"},{"ID":"165","h":"60","measuredH":"140","measuredW":"180","properties":{"direction":"right","text":" "},"typeID":"VCurly","w":"30","x":"1899","y":"541","zOrder":"140"},{"ID":"168","h":"6","measuredH":"5","measuredW":"21","properties":{"curvature":"-1","direction":"bottom","leftArrow":"false","p0":{"x":0,"y":5,"length":5},"p1":{"x":0.3800580030382545,"y":0.07623256456290585,"length":0.3876280299117486},"p2":{"x":21,"y":1,"length":21.02379604162864},"rightArrow":"false","shape":"bezier","stroke":"solid","text":""},"typeID":"Arrow","w":"22","x":"1701","y":"569","zOrder":"141"},{"ID":"169","h":"36","measuredH":"27","measuredW":"101","properties":{"size":"18","text":"Spherical"},"typeID":"Button","w":"101","x":"1754","y":"247","zOrder":"142"},{"ID":"170","h":"36","measuredH":"27","measuredW":"68","properties":{"size":"18","text":"Lloyd"},"typeID":"Button","w":"75","x":"1754","y":"205","zOrder":"143"},{"ID":"171","h":"71","measuredH":"140","measuredW":"180","properties":{"direction":"right","text":" "},"typeID":"VCurly","w":"30","x":"1719","y":"210","zOrder":"144"},{"ID":"172","h":"34","measuredH":"27","measuredW":"103","properties":{"size":"18","text":"Euclidean"},"typeID":"Button","w":"112","x":"1837","y":"206","zOrder":"145"},{"ID":"173","h":"34","measuredH":"27","measuredW":"81","properties":{"size":"18","text":"Cosine"},"typeID":"Button","w":"90","x":"1860","y":"248","zOrder":"146"},{"ID":"174","h":"20","measuredH":"19","measuredW":"2","properties":{"curvature":"1","direction":"top","leftArrow":"false","p0":{"x":2,"y":19},"p1":{"x":0.3800580030382545,"y":0.07623256456290582},"p2":{"x":2,"y":0},"rightArrow":"false","shape":"bezier","stroke":"solid","text":""},"typeID":"Arrow","w":"3","x":"1582","y":"535","zOrder":"147"},{"ID":"176","h":"3","measuredH":"2","measuredW":"15","properties":{"curvature":"-1","direction":"bottom","leftArrow":"false","p0":{"x":0,"y":2},"p1":{"x":0.3800580030382545,"y":0.07623256456290585},"p2":{"x":15,"y":1},"rightArrow":"false","shape":"bezier","stroke":"solid","text":""},"typeID":"Arrow","w":"16","x":"1673","y":"506","zOrder":"148"},{"ID":"177","h":"35","measuredH":"27","measuredW":"185","properties":{"size":"18","text":"Curse of Dimension"},"typeID":"Button","w":"187","x":"1818","y":"859","zOrder":"149"},{"ID":"178","h":"186","measuredH":"140","measuredW":"180","properties":{"direction":"right","text":" "},"typeID":"VCurly","w":"30","x":"1625","y":"616","zOrder":"150"},{"ID":"179","h":"101","measuredH":"100","measuredW":"23","properties":{"curvature":"-1","direction":"bottom","leftArrow":"false","p0":{"x":2,"y":100},"p1":{"x":0.5823710885852798,"y":0.1115910092551786},"p2":{"x":23,"y":0},"rightArrow":"false","shape":"bezier","stroke":"solid","text":""},"typeID":"Arrow","w":"24","x":"1615","y":"711","zOrder":"151"},{"ID":"180","h":"34","measuredH":"27","measuredW":"155","properties":{"size":"18","text":"Voronoi Diagram"},"typeID":"Button","w":"164","x":"1960","y":"230","zOrder":"152"},{"ID":"181","measuredH":"23","measuredW":"126","properties":{"href":{"URL":"https://github.com/graykode"},"size":"15","text":"Github: @graykode"},"typeID":"Link","x":"1293","y":"799","zOrder":"153"},{"ID":"182","h":"36","measuredH":"27","measuredW":"66","properties":{"size":"18","text":"GMM"},"typeID":"Button","w":"72","x":"1639","y":"282","zOrder":"154"},{"ID":"183","h":"36","measuredH":"27","measuredW":"144","properties":{"size":"18","text":"Bayesian GMM"},"typeID":"Button","w":"149","x":"1638","y":"327","zOrder":"155"},{"ID":"184","h":"36","measuredH":"27","measuredW":"209","properties":{"size":"18","text":"Hierarchical Clustering"},"typeID":"Button","w":"209","x":"1637","y":"372","zOrder":"156"},{"ID":"185","h":"60","measuredH":"59","measuredW":"37","properties":{"curvature":"-1","direction":"bottom","leftArrow":"false","p0":{"x":2,"y":59},"p1":{"x":0.4883251657538196,"y":0.20985874891899686},"p2":{"x":37,"y":0},"rightArrow":"false","shape":"bezier","stroke":"solid","text":""},"typeID":"Arrow","w":"38","x":"1583","y":"364","zOrder":"157"},{"ID":"186","h":"5","measuredH":"4","measuredW":"21","properties":{"curvature":"-1","direction":"bottom","leftArrow":"false","p0":{"x":0,"y":4},"p1":{"x":0.5823710885852799,"y":0.11159100925517858},"p2":{"x":21,"y":2},"rightArrow":"false","shape":"bezier","stroke":"solid","text":""},"typeID":"Arrow","w":"22","x":"1548","y":"888","zOrder":"158"},{"ID":"187","h":"36","measuredH":"27","measuredW":"96","properties":{"size":"18","text":"DBSCAN"},"typeID":"Button","w":"91","x":"1638","y":"418","zOrder":"159"},{"ID":"188","h":"34","measuredH":"27","measuredW":"232","properties":{"size":"18","text":"Latent Dirichlet Allocation"},"typeID":"Button","w":"237","x":"1655","y":"770","zOrder":"160"},{"ID":"189","h":"34","measuredH":"27","measuredW":"153","properties":{"size":"18","text":"Gibbs Sampling"},"typeID":"Button","w":"151","x":"1915","y":"803","zOrder":"161"},{"ID":"190","h":"4","measuredH":"3","measuredW":"18","properties":{"curvature":"-1","direction":"bottom","leftArrow":"false","p0":{"x":0,"y":3,"length":3},"p1":{"x":0.3800580030382544,"y":0.07623256456290581,"length":0.3876280299117485},"p2":{"x":18,"y":1,"length":18.027756377319946},"rightArrow":"false","shape":"bezier","stroke":"solid","text":""},"typeID":"Arrow","w":"19","x":"1900","y":"658","zOrder":"162"},{"ID":"191","h":"35","measuredH":"27","measuredW":"105","properties":{"size":"18","text":"Perplexity"},"typeID":"Button","w":"105","x":"2075","y":"803","zOrder":"163"},{"ID":"192","h":"34","measuredH":"27","measuredW":"147","properties":{"size":"18","text":"Sparse Coding"},"typeID":"Button","w":"164","x":"1657","y":"686","zOrder":"164"},{"ID":"193","h":"34","measuredH":"27","measuredW":"100","properties":{"size":"18","text":"LDA(LDI)"},"typeID":"Button","w":"113","x":"1655","y":"600","zOrder":"165"},{"ID":"194","h":"34","measuredH":"27","measuredW":"61","properties":{"size":"18","text":"SVD"},"typeID":"Button","w":"63","x":"1786","y":"598","zOrder":"166"},{"ID":"195","h":"3","measuredH":"2","measuredW":"15","properties":{"curvature":"-1","direction":"bottom","leftArrow":"false","p0":{"x":0,"y":2,"length":2},"p1":{"x":0.3800580030382545,"y":0.07623256456290585,"length":0.3876280299117486},"p2":{"x":15,"y":1,"length":15.033296378372908},"rightArrow":"false","shape":"bezier","stroke":"solid","text":""},"typeID":"Arrow","w":"16","x":"1770","y":"614","zOrder":"167"},{"ID":"198","h":"36","measuredH":"27","measuredW":"211","properties":{"size":"18","text":"Term-Document Matrix"},"typeID":"Button","w":"209","x":"783","y":"1153","zOrder":"168"},{"ID":"199","h":"36","measuredH":"27","measuredW":"193","properties":{"size":"18","text":"Word-Context Matrix"},"typeID":"Button","w":"188","x":"804","y":"1196","zOrder":"169"},{"ID":"200","h":"36","measuredH":"27","measuredW":"173","properties":{"size":"18","text":"Pair-Pattern Matrix"},"typeID":"Button","w":"188","x":"804","y":"1241","zOrder":"170"},{"ID":"201","h":"107","measuredH":"140","measuredW":"180","properties":{"direction":"left","text":" "},"typeID":"VCurly","w":"30","x":"999","y":"1160","zOrder":"171"},{"ID":"202","h":"217","measuredH":"216","measuredW":"94","properties":{"curvature":"-1","direction":"bottom","leftArrow":"false","p0":{"x":94,"y":0},"p1":{"x":0.5228140993296331,"y":0.1071505802638218},"p2":{"x":0,"y":216},"rightArrow":"false","shape":"bezier","stroke":"solid","text":""},"typeID":"Arrow","w":"95","x":"1129","y":"980","zOrder":"172"},{"ID":"203","h":"34","measuredH":"27","measuredW":"214","properties":{"size":"18","text":"Probabilistic LDA(pLDI)"},"typeID":"Button","w":"211","x":"1690","y":"644","zOrder":"173"},{"ID":"204","h":"28","measuredH":"27","measuredW":"21","properties":{"curvature":"1","direction":"top","leftArrow":"false","p0":{"x":21,"y":27,"length":34.20526275297414},"p1":{"x":0.435897435897436,"y":0.376068376068376,"length":0.575703046805091},"p2":{"x":3,"y":0,"length":3},"rightArrow":"false","shape":"bezier","stroke":"solid","text":""},"typeID":"Arrow","w":"22","x":"1669","y":"633","zOrder":"174"},{"ID":"205","h":"34","measuredH":"27","measuredW":"115","properties":{"size":"18","text":"Multinomial"},"typeID":"Button","w":"114","x":"1916","y":"643","zOrder":"175"},{"ID":"206","h":"34","measuredH":"27","measuredW":"90","properties":{"size":"18","text":"Dirichlet"},"typeID":"Button","w":"92","x":"1917","y":"760","zOrder":"176"},{"ID":"207","h":"71","measuredH":"140","measuredW":"180","properties":{"direction":"right","text":" "},"typeID":"VCurly","w":"30","x":"1886","y":"765","zOrder":"177"},{"ID":"208","h":"35","measuredH":"27","measuredW":"108","properties":{"size":"18","text":"Word2Vec"},"typeID":"Button","w":"117","x":"1846","y":"980","zOrder":"178"},{"ID":"209","h":"59","measuredH":"48","measuredW":"166","properties":{"size":"18","text":" Co-Occurrences\\n(n-gram)"},"typeID":"Button","w":"159","x":"1645","y":"973","zOrder":"179"},{"ID":"210","h":"158","measuredH":"140","measuredW":"180","properties":{"direction":"right","text":" "},"typeID":"VCurly","w":"30","x":"1804","y":"987","zOrder":"180"},{"ID":"211","h":"33","measuredH":"32","measuredW":"14","properties":{"curvature":"1","direction":"top","leftArrow":"false","p0":{"x":14,"y":32,"length":34.92849839314596},"p1":{"x":0.5823710885852798,"y":0.11159100925517856,"length":0.5929659671234034},"p2":{"x":1,"y":0,"length":1},"rightArrow":"false","shape":"bezier","stroke":"solid","text":""},"typeID":"Arrow","w":"15","x":"1630","y":"957","zOrder":"181"},{"ID":"212","h":"37","measuredH":"36","measuredW":"58","properties":{"curvature":"1","direction":"top","leftArrow":"false","p0":{"x":58,"y":36,"length":68.26419266350405},"p1":{"x":0.5110110914643949,"y":0.15656646841343835,"length":0.5344580382322717},"p2":{"x":0,"y":0,"length":0},"rightArrow":"false","shape":"bezier","stroke":"solid","text":""},"typeID":"Arrow","w":"59","x":"1759","y":"1031","zOrder":"182"},{"ID":"213","h":"35","measuredH":"27","measuredW":"70","properties":{"size":"18","text":"Glove"},"typeID":"Button","w":"82","x":"1846","y":"1025","zOrder":"183"},{"ID":"214","h":"34","measuredH":"27","measuredW":"116","properties":{"size":"18","text":"Embedding"},"typeID":"Button","w":"134","x":"1393","y":"652","zOrder":"184"},{"ID":"215","h":"34","measuredH":"27","measuredW":"98","properties":{"size":"18","text":"Doc2Vec"},"typeID":"Button","w":"107","x":"1441","y":"704","zOrder":"185"},{"ID":"216","h":"20","measuredH":"19","measuredW":"2","properties":{"curvature":"1","direction":"top","leftArrow":"false","p0":{"x":2,"y":19,"length":19.1049731745428},"p1":{"x":0.3800580030382545,"y":0.07623256456290582,"length":0.3876280299117486},"p2":{"x":2,"y":0,"length":2},"rightArrow":"false","shape":"bezier","stroke":"solid","text":""},"typeID":"Arrow","w":"3","x":"1448","y":"633","zOrder":"186"},{"ID":"217","h":"20","measuredH":"19","measuredW":"2","properties":{"curvature":"1","direction":"top","leftArrow":"false","p0":{"x":2,"y":19,"length":19.1049731745428},"p1":{"x":0.3800580030382545,"y":0.07623256456290582,"length":0.3876280299117486},"p2":{"x":2,"y":0,"length":2},"rightArrow":"false","shape":"bezier","stroke":"solid","text":""},"typeID":"Arrow","w":"3","x":"1478","y":"685","zOrder":"187"},{"ID":"218","h":"63","measuredH":"140","measuredW":"180","properties":{"direction":"right","text":" "},"typeID":"VCurly","w":"30","x":"1952","y":"951","zOrder":"188"},{"ID":"219","h":"35","measuredH":"27","measuredW":"79","properties":{"size":"18","text":"CBOW"},"typeID":"Button","w":"71","x":"1986","y":"943","zOrder":"189"},{"ID":"220","h":"35","measuredH":"27","measuredW":"107","properties":{"size":"18","text":"Skip-gram"},"typeID":"Button","w":"111","x":"1986","y":"984","zOrder":"190"},{"ID":"222","h":"36","measuredH":"27","measuredW":"149","properties":{"size":"18","text":"Representation"},"typeID":"Button","w":"141","x":"1022","y":"1196","zOrder":"191"},{"ID":"224","h":"35","measuredH":"27","measuredW":"96","properties":{"size":"18","text":"FastText"},"typeID":"Button","w":"103","x":"1846","y":"1070","zOrder":"192"},{"ID":"225","h":"232","measuredH":"231","measuredW":"170","properties":{"curvature":"1","direction":"top","leftArrow":"false","p0":{"x":170,"y":231,"length":286.8117849740488},"p1":{"x":0.5823710885852798,"y":0.11159100925517855,"length":0.5929659671234034},"p2":{"x":0,"y":0,"length":0},"rightArrow":"false","shape":"bezier","stroke":"solid","text":""},"typeID":"Arrow","w":"171","x":"1619","y":"959","zOrder":"193"},{"ID":"226","h":"35","measuredH":"27","measuredW":"249","properties":{"size":"18","text":"Implicit Matrix Factorization"},"typeID":"Button","w":"252","x":"1784","y":"1177","zOrder":"194"},{"ID":"227","h":"120","measuredH":"140","measuredW":"180","properties":{"direction":"right","text":" "},"typeID":"VCurly","w":"32","x":"1816","y":"1227","zOrder":"195"},{"ID":"228","h":"31","measuredH":"27","measuredW":"56","properties":{"size":"18","text":"PMI"},"typeID":"Button","w":"63","x":"1854","y":"1221","zOrder":"196"},{"ID":"230","h":"31","measuredH":"27","measuredW":"67","properties":{"size":"18","text":"PPMI"},"typeID":"Button","w":"74","x":"1854","y":"1258","zOrder":"197"},{"ID":"231","h":"31","measuredH":"27","measuredW":"124","properties":{"size":"18","text":"Positive PMI"},"typeID":"Button","w":"129","x":"1854","y":"1296","zOrder":"198"},{"ID":"233","h":"34","measuredH":"27","measuredW":"61","properties":{"size":"18","text":"NMF"},"typeID":"Button","w":"66","x":"1657","y":"727","zOrder":"199"},{"ID":"234","h":"31","measuredH":"27","measuredW":"131","properties":{"size":"18","text":"Shifted PPMI"},"typeID":"Button","w":"129","x":"1855","y":"1335","zOrder":"200"},{"ID":"235","h":"35","measuredH":"27","measuredW":"295","properties":{"size":"18","text":" Co-Occurrences + Shifted PPMI"},"typeID":"Button","w":"304","x":"1837","y":"1114","zOrder":"201"},{"ID":"236","h":"34","measuredH":"27","measuredW":"185","properties":{"size":"18","text":"Matrix Factorization"},"typeID":"Button","w":"184","x":"1727","y":"729","zOrder":"202"},{"ID":"237","h":"4","measuredH":"3","measuredW":"18","properties":{"curvature":"-1","direction":"bottom","leftArrow":"false","p0":{"x":0,"y":3,"length":3},"p1":{"x":0.3800580030382544,"y":0.07623256456290581,"length":0.3876280299117485},"p2":{"x":18,"y":1,"length":18.027756377319946},"rightArrow":"false","shape":"bezier","stroke":"solid","text":""},"typeID":"Arrow","w":"19","x":"1886","y":"800","zOrder":"203"},{"ID":"238","h":"36","measuredH":"27","measuredW":"184","properties":{"size":"18","text":"Logistic Regression"},"typeID":"Button","w":"204","x":"1324","y":"205","zOrder":"204"},{"ID":"239","h":"36","measuredH":"27","measuredW":"182","properties":{"size":"18","text":"LASSO Regression"},"typeID":"Button","w":"185","x":"1324","y":"247","zOrder":"205"},{"ID":"240","h":"36","measuredH":"27","measuredW":"207","properties":{"size":"18","text":"Naive Bayes Classifier"},"typeID":"Button","w":"220","x":"1324","y":"289","zOrder":"206"},{"ID":"241","h":"36","measuredH":"27","measuredW":"221","properties":{"size":"18","text":"Support Vector Machine"},"typeID":"Button","w":"245","x":"1324","y":"332","zOrder":"207"},{"ID":"242","h":"36","measuredH":"27","measuredW":"136","properties":{"size":"18","text":"Decision Tree"},"typeID":"Button","w":"153","x":"1325","y":"377","zOrder":"208"},{"ID":"243","h":"34","measuredH":"27","measuredW":"132","properties":{"size":"18","text":"IOB1 Tagging"},"typeID":"Button","w":"123","x":"423","y":"891","zOrder":"209"},{"ID":"244","h":"3","measuredH":"2","measuredW":"27","properties":{"curvature":"-1","direction":"bottom","leftArrow":"false","p0":{"x":0,"y":2},"p1":{"x":0.4197799212063577,"y":0.022958837114522554},"p2":{"x":27,"y":0},"rightArrow":"false","shape":"bezier","stroke":"solid","text":""},"typeID":"Arrow","w":"28","x":"544","y":"903","zOrder":"210"},{"ID":"245","h":"53","measuredH":"48","measuredW":"116","properties":{"size":"18","text":"Character\\nEmbedding"},"typeID":"Button","w":"149","x":"1448","y":"968","zOrder":"211"},{"ID":"246","h":"21","measuredH":"19","measuredW":"2","properties":{"curvature":"1","direction":"top","leftArrow":"false","p0":{"x":2,"y":19,"length":19.1049731745428},"p1":{"x":0.3800580030382545,"y":0.07623256456290582,"length":0.3876280299117486},"p2":{"x":2,"y":0,"length":2},"rightArrow":"false","shape":"bezier","stroke":"solid","text":""},"typeID":"Arrow","w":"4","x":"1492","y":"950","zOrder":"212"}]},"measuredH":"1366","measuredW":"2180","mockupH":"1161","mockupW":"1966","version":"1.0"}}
